detectorType,descriptorType,matcherType,imgIndex,ttcLidar,ttcCamera,lidarPointsSize,kptMatchesSize
SHITOMASI,BRISK,MAT_BF,3,16.963,13.2483,321,60
SHITOMASI,BRISK,MAT_BF,12,10.1,11.8354,300,79
SHITOMASI,BRISK,MAT_BF,23,8.43069,9.18399,487,89
SHITOMASI,BRISK,MAT_BF,25,7.14768,9.02606,446,97
SHITOMASI,BRISK,MAT_BF,26,9.97707,9.00907,433,90
SHITOMASI,BRISK,MAT_BF,28,12.6681,11.4475,506,95
SHITOMASI,BRISK,MAT_BF,29,7.25063,11.2438,441,94
SHITOMASI,BRISK,MAT_BF,30,7.52726,13.3136,476,93
SHITOMASI,BRISK,MAT_BF,33,9.22618,12.5139,544,105
SHITOMASI,BRISK,MAT_BF,34,7.60959,10.5876,591,93
SHITOMASI,BRISK,MAT_BF,35,6.59279,9.51293,582,93
SHITOMASI,BRISK,MAT_BF,36,10.6294,9.74004,455,87
SHITOMASI,BRISK,MAT_BF,38,4.99238,8.05658,575,128
SHITOMASI,BRISK,MAT_BF,39,5.47658,9.78403,603,130
SHITOMASI,BRISK,MAT_BF,40,5.20724,8.54985,634,124
SHITOMASI,BRISK,MAT_BF,47,6.95384,11.6967,500,128
SHITOMASI,BRISK,MAT_BF,48,nan,11.5297,529,117
SHITOMASI,BRISK,MAT_BF,49,-149.754,11.8425,468,123
SHITOMASI,BRISK,MAT_BF,53,29.486,inf,411,152
SHITOMASI,BRISK,MAT_BF,53,2.32789,inf,411,304
SHITOMASI,BRISK,MAT_BF,54,nan,-5.04523,5,228
SHITOMASI,BRISK,MAT_BF,56,-2.79273,-7.39101,11,278
SHITOMASI,BRISK,MAT_BF,56,2.31361,inf,440,134
SHITOMASI,BRISK,MAT_BF,57,-23.3578,inf,448,147
SHITOMASI,BRISK,MAT_BF,58,-2.87375,-9.12811,12,311
SHITOMASI,BRISK,MAT_BF,58,2.64821,inf,417,134
SHITOMASI,BRISK,MAT_BF,59,13.8031,inf,452,139
SHITOMASI,BRISK,MAT_BF,59,2.44033,inf,452,278
SHITOMASI,BRISK,MAT_BF,60,-15.3309,inf,416,157
SHITOMASI,BRISK,MAT_BF,60,2.85,inf,416,314
SHITOMASI,BRISK,MAT_BF,61,-2.84445,-10.9214,14,294
SHITOMASI,BRISK,MAT_BF,61,-14.4002,-10.9214,14,588
SHITOMASI,BRISK,MAT_BF,62,-3.20559,-10.6746,13,316
SHITOMASI,BRISK,MAT_BF,63,-2.56759,-10.7693,16,330
SHITOMASI,BRISK,MAT_BF,63,-38.2997,-10.7693,16,660
SHITOMASI,BRISK,MAT_BF,65,2.62604,inf,444,167
SHITOMASI,BRISK,MAT_BF,66,2.60947,inf,426,160
SHITOMASI,BRISK,MAT_BF,68,-110.52,inf,434,160
SHITOMASI,BRISK,MAT_BF,69,-2.67035,-22.07,14,336
SHITOMASI,BRISK,MAT_BF,70,22.125,inf,426,160
SHITOMASI,BRIEF,MAT_BF,23,8.43069,8.66557,487,116
SHITOMASI,BRIEF,MAT_BF,25,7.14768,8.7692,446,131
SHITOMASI,BRIEF,MAT_BF,26,9.97707,12.4464,433,126
SHITOMASI,BRIEF,MAT_BF,28,12.6681,10.8876,506,135
SHITOMASI,BRIEF,MAT_BF,30,7.52726,16.0287,476,112
SHITOMASI,BRIEF,MAT_BF,34,7.60959,13.0804,591,117
SHITOMASI,BRIEF,MAT_BF,35,6.59279,9.98266,582,117
SHITOMASI,BRIEF,MAT_BF,36,10.6294,10.4876,455,116
SHITOMASI,BRIEF,MAT_BF,38,4.99238,9.25013,575,171
SHITOMASI,BRIEF,MAT_BF,39,5.47658,8.99344,603,177
SHITOMASI,BRIEF,MAT_BF,40,5.20724,7.75132,634,157
SHITOMASI,BRIEF,MAT_BF,45,5.60845,8.70139,564,167
SHITOMASI,BRIEF,MAT_BF,47,6.95384,11.426,500,168
SHITOMASI,BRIEF,MAT_BF,48,nan,11.5152,529,151
SHITOMASI,BRIEF,MAT_BF,52,24.656,81.9405,396,163
SHITOMASI,BRIEF,MAT_BF,53,29.486,inf,411,170
SHITOMASI,BRIEF,MAT_BF,53,2.32789,inf,411,340
SHITOMASI,BRIEF,MAT_BF,54,nan,-5.07327,5,302
SHITOMASI,BRIEF,MAT_BF,55,-2.41361,-5.82744,10,308
SHITOMASI,BRIEF,MAT_BF,55,nan,inf,419,150
SHITOMASI,BRIEF,MAT_BF,56,-2.79273,-7.36148,11,337
SHITOMASI,BRIEF,MAT_BF,56,2.31361,inf,440,165
SHITOMASI,BRIEF,MAT_BF,57,-23.3578,inf,448,164
SHITOMASI,BRIEF,MAT_BF,58,-2.87375,-9.20952,12,348
SHITOMASI,BRIEF,MAT_BF,59,13.8031,inf,452,164
SHITOMASI,BRIEF,MAT_BF,59,2.44033,inf,452,328
SHITOMASI,BRIEF,MAT_BF,60,-15.3309,inf,416,174
SHITOMASI,BRIEF,MAT_BF,60,2.85,inf,416,348
SHITOMASI,BRIEF,MAT_BF,61,-2.84445,-10.8093,14,343
SHITOMASI,BRIEF,MAT_BF,61,-14.4002,-10.8093,14,686
SHITOMASI,BRIEF,MAT_BF,62,-3.20559,-11.0185,13,361
SHITOMASI,BRIEF,MAT_BF,62,2.31257,inf,440,174
SHITOMASI,BRIEF,MAT_BF,63,-2.56759,-10.9296,16,378
SHITOMASI,BRIEF,MAT_BF,63,-38.2997,-10.9296,16,756
SHITOMASI,BRIEF,MAT_BF,65,2.62604,inf,444,178
SHITOMASI,BRIEF,MAT_BF,68,-110.52,inf,434,178
SHITOMASI,BRIEF,MAT_BF,69,-2.67035,-23.0009,14,387
SHITOMASI,BRIEF,MAT_BF,71,29.3993,inf,442,183
SHITOMASI,BRIEF,MAT_BF,72,88.1064,inf,443,181
SHITOMASI,BRIEF,MAT_BF,73,-220.366,inf,422,178
SHITOMASI,ORB,MAT_BF,23,8.43069,8.24544,487,107
SHITOMASI,ORB,MAT_BF,25,7.14768,9.27401,446,120
SHITOMASI,ORB,MAT_BF,26,9.97707,9.66029,433,117
SHITOMASI,ORB,MAT_BF,28,12.6681,11.1505,506,126
SHITOMASI,ORB,MAT_BF,30,7.52726,13.6445,476,103
SHITOMASI,ORB,MAT_BF,34,7.60959,12.5354,591,107
SHITOMASI,ORB,MAT_BF,35,6.59279,9.69157,582,106
SHITOMASI,ORB,MAT_BF,36,10.6294,9.49001,455,105
SHITOMASI,ORB,MAT_BF,38,4.99238,9.19284,575,166
SHITOMASI,ORB,MAT_BF,39,5.47658,8.92153,603,159
SHITOMASI,ORB,MAT_BF,40,5.20724,7.5799,634,151
SHITOMASI,ORB,MAT_BF,45,5.60845,8.51618,564,153
SHITOMASI,ORB,MAT_BF,47,6.95384,11.161,500,157
SHITOMASI,ORB,MAT_BF,48,nan,11.7288,529,143
SHITOMASI,ORB,MAT_BF,52,24.656,58.6377,396,160
SHITOMASI,ORB,MAT_BF,53,29.486,inf,411,164
SHITOMASI,ORB,MAT_BF,53,2.32789,inf,411,328
SHITOMASI,ORB,MAT_BF,54,nan,-5.07659,5,271
SHITOMASI,ORB,MAT_BF,55,-2.41361,-5.66286,10,284
SHITOMASI,ORB,MAT_BF,55,nan,inf,419,148
SHITOMASI,ORB,MAT_BF,56,-2.79273,-7.3807,11,316
SHITOMASI,ORB,MAT_BF,56,2.31361,inf,440,158
SHITOMASI,ORB,MAT_BF,57,-23.3578,inf,448,155
SHITOMASI,ORB,MAT_BF,58,-2.87375,-9.21491,12,315
SHITOMASI,ORB,MAT_BF,59,13.8031,inf,452,153
SHITOMASI,ORB,MAT_BF,59,2.44033,inf,452,306
SHITOMASI,ORB,MAT_BF,60,-15.3309,inf,416,166
SHITOMASI,ORB,MAT_BF,60,2.85,inf,416,332
SHITOMASI,ORB,MAT_BF,61,-2.84445,-10.7837,14,325
SHITOMASI,ORB,MAT_BF,61,-14.4002,-10.7837,14,650
SHITOMASI,ORB,MAT_BF,62,-3.20559,-11.1921,13,337
SHITOMASI,ORB,MAT_BF,62,2.31257,inf,440,165
SHITOMASI,ORB,MAT_BF,63,-2.56759,-10.9465,16,356
SHITOMASI,ORB,MAT_BF,63,-38.2997,-10.9465,16,712
SHITOMASI,ORB,MAT_BF,65,2.62604,inf,444,174
SHITOMASI,ORB,MAT_BF,68,-110.52,inf,434,173
SHITOMASI,ORB,MAT_BF,69,-2.67035,-23.0442,14,358
SHITOMASI,ORB,MAT_BF,71,29.3993,inf,442,176
SHITOMASI,ORB,MAT_BF,72,88.1064,inf,443,172
SHITOMASI,ORB,MAT_BF,73,-220.366,inf,422,173
SHITOMASI,FREAK,MAT_BF,23,8.43069,9.34216,487,86
SHITOMASI,FREAK,MAT_BF,25,7.14768,9.55237,446,99
SHITOMASI,FREAK,MAT_BF,26,9.97707,10.7088,433,93
SHITOMASI,FREAK,MAT_BF,28,12.6681,12.4984,506,100
SHITOMASI,FREAK,MAT_BF,30,7.52726,12.1113,476,89
SHITOMASI,FREAK,MAT_BF,34,7.60959,9.61696,591,80
SHITOMASI,FREAK,MAT_BF,35,6.59279,9.83751,582,87
SHITOMASI,FREAK,MAT_BF,36,10.6294,10.4601,455,81
SHITOMASI,FREAK,MAT_BF,38,4.99238,8.01118,575,128
SHITOMASI,FREAK,MAT_BF,39,5.47658,9.29467,603,130
SHITOMASI,FREAK,MAT_BF,40,5.20724,7.42738,634,111
SHITOMASI,FREAK,MAT_BF,45,5.60845,8.32189,564,122
SHITOMASI,FREAK,MAT_BF,47,6.95384,11.8271,500,127
SHITOMASI,FREAK,MAT_BF,48,nan,11.4124,529,112
SHITOMASI,FREAK,MAT_BF,49,-149.754,12.3729,468,118
SHITOMASI,FREAK,MAT_BF,52,24.656,101.629,396,128
SHITOMASI,FREAK,MAT_BF,53,29.486,inf,411,154
SHITOMASI,FREAK,MAT_BF,53,2.32789,inf,411,308
SHITOMASI,FREAK,MAT_BF,54,nan,-4.93864,5,229
SHITOMASI,FREAK,MAT_BF,55,-2.41361,-5.62288,10,240
SHITOMASI,FREAK,MAT_BF,55,nan,inf,419,118
SHITOMASI,FREAK,MAT_BF,56,-2.79273,-7.32043,11,269
SHITOMASI,FREAK,MAT_BF,56,2.31361,inf,440,137
SHITOMASI,FREAK,MAT_BF,57,-23.3578,inf,448,140
SHITOMASI,FREAK,MAT_BF,58,-2.87375,-9.00903,12,273
SHITOMASI,FREAK,MAT_BF,59,13.8031,inf,452,129
SHITOMASI,FREAK,MAT_BF,59,2.44033,inf,452,258
SHITOMASI,FREAK,MAT_BF,60,-15.3309,inf,416,153
SHITOMASI,FREAK,MAT_BF,60,17.6,-10.5269,10,268
SHITOMASI,FREAK,MAT_BF,61,-2.84445,-10.9326,14,274
SHITOMASI,FREAK,MAT_BF,61,-14.4002,-10.9326,14,548
SHITOMASI,FREAK,MAT_BF,62,-3.20559,-10.8353,13,291
SHITOMASI,FREAK,MAT_BF,63,-2.56759,-11.1171,16,306
SHITOMASI,FREAK,MAT_BF,63,-38.2997,-11.1171,16,612
SHITOMASI,FREAK,MAT_BF,65,2.62604,inf,444,164
SHITOMASI,FREAK,MAT_BF,68,-110.52,inf,434,157
SHITOMASI,FREAK,MAT_BF,69,-2.67035,-21.907,14,298
SHITOMASI,FREAK,MAT_BF,71,29.3993,inf,442,163
SHITOMASI,FREAK,MAT_BF,72,88.1064,inf,443,165
SHITOMASI,FREAK,MAT_BF,73,-220.366,inf,422,166
SHITOMASI,SIFT,MAT_FLANN,3,16.963,11.9993,321,91
SHITOMASI,SIFT,MAT_FLANN,12,10.1,11.9436,300,96
SHITOMASI,SIFT,MAT_FLANN,22,6.80636,11.1597,422,120
SHITOMASI,SIFT,MAT_FLANN,23,8.43069,8.91959,487,114
SHITOMASI,SIFT,MAT_FLANN,25,7.14768,10.7352,446,125
SHITOMASI,SIFT,MAT_FLANN,26,9.97707,11.2658,433,129
SHITOMASI,SIFT,MAT_FLANN,28,12.6681,11.1833,506,140
SHITOMASI,SIFT,MAT_FLANN,29,7.25063,14.0083,441,122
SHITOMASI,SIFT,MAT_FLANN,30,7.52726,14.6373,476,111
SHITOMASI,SIFT,MAT_FLANN,34,7.60959,10.9806,591,122
SHITOMASI,SIFT,MAT_FLANN,35,6.59279,8.9728,582,118
SHITOMASI,SIFT,MAT_FLANN,36,10.6294,10.3934,455,119
SHITOMASI,SIFT,MAT_FLANN,38,4.99238,10.7671,575,177
SHITOMASI,SIFT,MAT_FLANN,39,5.47658,10.6861,603,176
SHITOMASI,SIFT,MAT_FLANN,40,5.20724,9.18134,634,168
SHITOMASI,SIFT,MAT_FLANN,45,5.60845,8.37931,564,165
SHITOMASI,SIFT,MAT_FLANN,47,6.95384,11.1355,500,173
SHITOMASI,SIFT,MAT_FLANN,48,nan,11.5888,529,158
SHITOMASI,SIFT,MAT_FLANN,49,-149.754,11.0575,468,164
SHITOMASI,SIFT,MAT_FLANN,52,24.656,59.8535,396,164
SHITOMASI,SIFT,MAT_FLANN,53,29.486,inf,411,170
SHITOMASI,SIFT,MAT_FLANN,53,2.32789,inf,411,340
SHITOMASI,SIFT,MAT_FLANN,54,nan,-5.07837,5,371
SHITOMASI,SIFT,MAT_FLANN,55,-2.41361,-5.70358,10,382
SHITOMASI,SIFT,MAT_FLANN,55,nan,inf,419,160
SHITOMASI,SIFT,MAT_FLANN,56,-2.79273,-7.23676,11,412
SHITOMASI,SIFT,MAT_FLANN,56,2.31361,inf,440,167
SHITOMASI,SIFT,MAT_FLANN,57,-23.3578,inf,448,164
SHITOMASI,SIFT,MAT_FLANN,58,-2.87375,-9.08665,12,432
SHITOMASI,SIFT,MAT_FLANN,58,2.64821,inf,417,155
SHITOMASI,SIFT,MAT_FLANN,59,13.8031,inf,452,166
SHITOMASI,SIFT,MAT_FLANN,59,2.44033,inf,452,332
SHITOMASI,SIFT,MAT_FLANN,60,-15.3309,inf,416,178
SHITOMASI,SIFT,MAT_FLANN,60,2.85,inf,416,356
SHITOMASI,SIFT,MAT_FLANN,61,88.818,inf,408,169
SHITOMASI,SIFT,MAT_FLANN,62,-3.20559,-10.9793,13,440
SHITOMASI,SIFT,MAT_FLANN,63,-2.56759,-10.9182,16,458
SHITOMASI,SIFT,MAT_FLANN,65,2.62604,inf,444,186
SHITOMASI,SIFT,MAT_FLANN,68,-110.52,inf,434,180
HARRIS,BRISK,MAT_BF,23,8.43069,10.7498,487,54
HARRIS,BRISK,MAT_BF,25,7.14768,10.5685,446,53
HARRIS,BRISK,MAT_BF,28,12.6681,15.2797,506,71
HARRIS,BRISK,MAT_BF,29,7.25063,16.744,441,66
HARRIS,BRISK,MAT_BF,30,7.52726,46.8898,476,62
HARRIS,BRISK,MAT_BF,33,9.22618,18.2803,544,72
HARRIS,BRISK,MAT_BF,35,6.59279,8.63797,582,67
HARRIS,BRISK,MAT_BF,36,10.6294,8.60801,455,58
HARRIS,BRISK,MAT_BF,38,4.99238,12.4517,575,85
HARRIS,BRISK,MAT_BF,39,5.47658,20.3657,603,100
HARRIS,BRISK,MAT_BF,40,5.20724,12.9504,634,101
HARRIS,BRISK,MAT_BF,45,5.60845,8.7144,564,98
HARRIS,BRISK,MAT_BF,46,6.54998,12.9169,494,92
HARRIS,BRISK,MAT_BF,48,nan,18.2583,529,99
HARRIS,BRISK,MAT_BF,53,2.32789,inf,411,134
HARRIS,BRISK,MAT_BF,54,nan,-12.0886,5,101
HARRIS,BRISK,MAT_BF,55,-2.41361,-10.1431,10,85
HARRIS,BRISK,MAT_BF,56,-2.79273,-11.0994,11,101
HARRIS,BRISK,MAT_BF,57,-51.2983,-18.5788,10,104
HARRIS,BRISK,MAT_BF,58,-2.87375,-17.1697,12,98
HARRIS,BRISK,MAT_BF,58,2.64821,inf,417,108
HARRIS,BRISK,MAT_BF,59,13.8031,inf,452,120
HARRIS,BRISK,MAT_BF,59,-115.045,-16.404,12,95
HARRIS,BRISK,MAT_BF,60,-2.87798,-18.6888,10,108
HARRIS,BRISK,MAT_BF,61,-2.84445,-20.2547,14,119
HARRIS,BRISK,MAT_BF,61,-14.4002,-20.2547,14,238
HARRIS,BRISK,MAT_BF,62,-3.20559,-16.3048,13,101
HARRIS,BRISK,MAT_BF,63,-2.56759,-21.5256,16,117
HARRIS,BRISK,MAT_BF,64,-41.883,-24.692,12,112
HARRIS,BRISK,MAT_BF,66,-18.4159,-22.4498,11,118
HARRIS,BRISK,MAT_BF,68,-19.9959,-53.9929,13,123
HARRIS,BRISK,MAT_BF,69,-2.67035,-70.1122,14,110
HARRIS,BRISK,MAT_BF,69,2.88637,inf,428,148
HARRIS,BRISK,MAT_BF,71,2.45,inf,442,136
HARRIS,BRISK,MAT_BF,73,-220.366,inf,422,134
HARRIS,BRISK,MAT_BF,77,nan,inf,13,147
HARRIS,BRIEF,MAT_BF,23,8.43069,15.0007,487,71
HARRIS,BRIEF,MAT_BF,26,9.97707,12.84,433,74
HARRIS,BRIEF,MAT_BF,28,12.6681,15.9843,506,85
HARRIS,BRIEF,MAT_BF,30,7.52726,17.2138,476,74
HARRIS,BRIEF,MAT_BF,32,10.9404,21.8474,573,79
HARRIS,BRIEF,MAT_BF,34,7.60959,16.551,591,71
HARRIS,BRIEF,MAT_BF,35,6.59279,8.8669,582,75
HARRIS,BRIEF,MAT_BF,36,10.6294,9.91802,455,66
HARRIS,BRIEF,MAT_BF,38,4.99238,13.9568,575,95
HARRIS,BRIEF,MAT_BF,39,5.47658,18.6368,603,118
HARRIS,BRIEF,MAT_BF,40,5.20724,13.8861,634,114
HARRIS,BRIEF,MAT_BF,47,6.95384,12.6651,500,102
HARRIS,BRIEF,MAT_BF,48,nan,17.7742,529,111
HARRIS,BRIEF,MAT_BF,53,2.32789,inf,411,134
HARRIS,BRIEF,MAT_BF,54,nan,-9.26313,5,112
HARRIS,BRIEF,MAT_BF,55,-2.41361,-11.4145,10,107
HARRIS,BRIEF,MAT_BF,56,-2.79273,-9.72278,11,104
HARRIS,BRIEF,MAT_BF,57,-51.2983,-20.6302,10,109
HARRIS,BRIEF,MAT_BF,58,-2.87375,-13.0353,12,122
HARRIS,BRIEF,MAT_BF,58,2.64821,inf,417,124
HARRIS,BRIEF,MAT_BF,59,13.8031,inf,452,131
HARRIS,BRIEF,MAT_BF,59,-115.045,-18.6378,12,125
HARRIS,BRIEF,MAT_BF,60,-2.87798,-19.699,10,129
HARRIS,BRIEF,MAT_BF,61,-2.84445,-14.7503,14,134
HARRIS,BRIEF,MAT_BF,61,-14.4002,-14.7503,14,268
HARRIS,BRIEF,MAT_BF,62,-3.20559,-15.3005,13,119
HARRIS,BRIEF,MAT_BF,63,-2.56759,-25.3746,16,126
HARRIS,BRIEF,MAT_BF,64,-41.883,-21.0707,12,132
HARRIS,BRIEF,MAT_BF,69,-2.67035,-128.825,14,121
HARRIS,BRIEF,MAT_BF,71,2.45,inf,442,139
HARRIS,BRIEF,MAT_BF,73,2.2035,inf,422,135
HARRIS,BRIEF,MAT_BF,77,nan,inf,13,148
HARRIS,ORB,MAT_BF,23,8.43069,11.7668,487,69
HARRIS,ORB,MAT_BF,26,9.97707,13.2673,433,77
HARRIS,ORB,MAT_BF,28,nan,14.2368,506,89
HARRIS,ORB,MAT_BF,30,7.52726,30.7041,476,73
HARRIS,ORB,MAT_BF,32,10.9404,14.3251,573,72
HARRIS,ORB,MAT_BF,34,7.60959,14.5014,591,71
HARRIS,ORB,MAT_BF,35,6.59279,8.78257,582,81
HARRIS,ORB,MAT_BF,36,10.6294,9.26959,455,70
HARRIS,ORB,MAT_BF,38,4.99238,12.1207,575,106
HARRIS,ORB,MAT_BF,39,5.47658,13.487,603,119
HARRIS,ORB,MAT_BF,40,5.20724,13.7026,634,117
HARRIS,ORB,MAT_BF,47,6.95384,13.4635,500,115
HARRIS,ORB,MAT_BF,48,nan,-10.1986,5,119
HARRIS,ORB,MAT_BF,53,2.32789,inf,411,139
HARRIS,ORB,MAT_BF,54,nan,-10.4277,5,116
HARRIS,ORB,MAT_BF,55,-2.41361,-9.9172,10,110
HARRIS,ORB,MAT_BF,56,-2.79273,-11.7954,11,109
HARRIS,ORB,MAT_BF,57,-51.2983,-23.9706,10,118
HARRIS,ORB,MAT_BF,58,-2.87375,-15.8182,12,109
HARRIS,ORB,MAT_BF,58,2.64821,inf,417,114
HARRIS,ORB,MAT_BF,59,13.8031,inf,452,141
HARRIS,ORB,MAT_BF,59,-115.045,-15.3181,12,119
HARRIS,ORB,MAT_BF,60,-2.87798,-17.6063,10,129
HARRIS,ORB,MAT_BF,61,-2.84445,-15.6658,14,123
HARRIS,ORB,MAT_BF,62,-3.20559,-17.162,13,120
HARRIS,ORB,MAT_BF,63,-2.56759,-20.0123,16,127
HARRIS,ORB,MAT_BF,69,-2.67035,-84.0324,14,122
HARRIS,ORB,MAT_BF,71,2.45,inf,442,142
HARRIS,ORB,MAT_BF,73,2.2035,inf,422,141
HARRIS,ORB,MAT_BF,77,nan,inf,13,151
HARRIS,FREAK,MAT_BF,19,7.64316,10.8022,346,56
HARRIS,FREAK,MAT_BF,23,8.43069,9.07309,487,44
HARRIS,FREAK,MAT_BF,28,12.6681,15.1983,506,66
HARRIS,FREAK,MAT_BF,28,nan,15.1983,506,132
HARRIS,FREAK,MAT_BF,30,7.52726,17.3039,476,58
HARRIS,FREAK,MAT_BF,34,7.60959,11.6134,591,66
HARRIS,FREAK,MAT_BF,35,6.59279,11.1533,582,60
HARRIS,FREAK,MAT_BF,36,10.6294,8.55502,455,55
HARRIS,FREAK,MAT_BF,38,4.99238,11.3874,575,76
HARRIS,FREAK,MAT_BF,39,5.47658,15.6381,603,85
HARRIS,FREAK,MAT_BF,40,5.20724,15.068,634,96
HARRIS,FREAK,MAT_BF,46,6.54998,13.9423,494,89
HARRIS,FREAK,MAT_BF,47,6.95384,19.8511,500,82
HARRIS,FREAK,MAT_BF,48,nan,15.5415,529,90
HARRIS,FREAK,MAT_BF,49,-149.754,27.2837,468,101
HARRIS,FREAK,MAT_BF,49,nan,27.2837,468,202
HARRIS,FREAK,MAT_BF,53,2.32789,inf,411,118
HARRIS,FREAK,MAT_BF,54,nan,-12.0204,5,81
HARRIS,FREAK,MAT_BF,55,-2.41361,-10.3039,10,75
HARRIS,FREAK,MAT_BF,56,-2.79273,-12.4198,11,77
HARRIS,FREAK,MAT_BF,57,-51.2983,-20.7276,10,77
HARRIS,FREAK,MAT_BF,58,-2.87375,-18.709,12,86
HARRIS,FREAK,MAT_BF,58,2.64821,inf,417,95
HARRIS,FREAK,MAT_BF,59,-115.045,-15.8772,12,84
HARRIS,FREAK,MAT_BF,60,-2.87798,-17.4881,10,95
HARRIS,FREAK,MAT_BF,61,-2.84445,-24.4987,14,95
HARRIS,FREAK,MAT_BF,61,-14.4002,-24.4987,14,190
HARRIS,FREAK,MAT_BF,62,-3.20559,-19.1059,13,86
HARRIS,FREAK,MAT_BF,63,-2.56759,-28.8103,16,107
HARRIS,FREAK,MAT_BF,64,-41.883,-22.7137,12,94
HARRIS,FREAK,MAT_BF,66,-18.4159,-25.6429,11,100
HARRIS,FREAK,MAT_BF,69,-2.67035,-130.062,14,92
HARRIS,FREAK,MAT_BF,71,2.45,inf,442,124
HARRIS,FREAK,MAT_BF,73,17.6192,inf,13,127
HARRIS,FREAK,MAT_BF,77,nan,inf,13,133
HARRIS,SIFT,MAT_FLANN,12,10.1,14.0747,300,55
HARRIS,SIFT,MAT_FLANN,23,8.43069,12.3145,487,67
HARRIS,SIFT,MAT_FLANN,28,12.6681,13.3799,506,85
HARRIS,SIFT,MAT_FLANN,30,7.52726,18.4191,476,79
HARRIS,SIFT,MAT_FLANN,32,10.9404,14.7334,573,73
HARRIS,SIFT,MAT_FLANN,34,7.60959,18.0511,591,84
HARRIS,SIFT,MAT_FLANN,35,6.59279,10.45,582,87
HARRIS,SIFT,MAT_FLANN,36,10.6294,10.0975,455,74
HARRIS,SIFT,MAT_FLANN,38,4.99238,14.1946,575,116
HARRIS,SIFT,MAT_FLANN,39,5.47658,63.0025,603,134
HARRIS,SIFT,MAT_FLANN,40,5.20724,17.2875,634,136
HARRIS,SIFT,MAT_FLANN,45,5.60845,8.50567,564,121
HARRIS,SIFT,MAT_FLANN,46,6.54998,13.7201,494,117
HARRIS,SIFT,MAT_FLANN,47,6.95384,12.7657,500,127
HARRIS,SIFT,MAT_FLANN,48,nan,17.4303,529,127
HARRIS,SIFT,MAT_FLANN,53,2.32789,inf,411,138
HARRIS,SIFT,MAT_FLANN,54,nan,-8.37544,5,131
HARRIS,SIFT,MAT_FLANN,55,-2.41361,-10.2393,10,124
HARRIS,SIFT,MAT_FLANN,56,-2.79273,-10.0839,11,120
HARRIS,SIFT,MAT_FLANN,57,-51.2983,-17.8094,10,130
HARRIS,SIFT,MAT_FLANN,58,-2.87375,-15.6411,12,134
HARRIS,SIFT,MAT_FLANN,59,13.8031,inf,452,137
HARRIS,SIFT,MAT_FLANN,59,-115.045,-14.8859,12,133
HARRIS,SIFT,MAT_FLANN,60,-15.3309,inf,416,140
HARRIS,SIFT,MAT_FLANN,60,17.6,-18.9248,10,142
HARRIS,SIFT,MAT_FLANN,61,-2.84445,-16.0027,14,141
HARRIS,SIFT,MAT_FLANN,61,-14.4002,-16.0027,14,282
HARRIS,SIFT,MAT_FLANN,62,-3.20559,-15.809,13,143
HARRIS,SIFT,MAT_FLANN,62,2.31257,inf,440,131
HARRIS,SIFT,MAT_FLANN,63,-2.56759,-18.6847,16,141
HARRIS,SIFT,MAT_FLANN,69,-2.67035,-73.4525,14,136
HARRIS,SIFT,MAT_FLANN,71,29.3993,inf,442,139
HARRIS,SIFT,MAT_FLANN,72,88.1064,inf,443,148
HARRIS,SIFT,MAT_FLANN,73,-220.366,inf,422,141
HARRIS,SIFT,MAT_FLANN,73,2.2035,inf,422,282
FAST,BRISK,MAT_BF,15,8.09422,12.0541,286,80
FAST,BRISK,MAT_BF,22,6.80636,11.7077,422,101
FAST,BRISK,MAT_BF,25,7.14768,10.6787,446,102
FAST,BRISK,MAT_BF,26,9.97707,11.7243,433,121
FAST,BRISK,MAT_BF,28,12.6681,11.3615,506,135
FAST,BRISK,MAT_BF,30,7.52726,11.9596,476,135
FAST,BRISK,MAT_BF,32,10.9404,12.7284,573,131
FAST,BRISK,MAT_BF,34,7.60959,11.6351,591,110
FAST,BRISK,MAT_BF,35,6.59279,9.15245,582,111
FAST,BRISK,MAT_BF,36,10.6294,8.13665,455,115
FAST,BRISK,MAT_BF,38,4.99238,8.61247,575,169
FAST,BRISK,MAT_BF,39,5.47658,10.5463,603,170
FAST,BRISK,MAT_BF,40,5.20724,9.25297,634,165
FAST,BRISK,MAT_BF,45,5.60845,8.46723,564,152
FAST,BRISK,MAT_BF,47,6.95384,10.0729,500,156
FAST,BRISK,MAT_BF,48,nan,12.1118,529,157
FAST,BRISK,MAT_BF,49,-149.754,14.3476,468,164
FAST,BRISK,MAT_BF,52,24.656,inf,396,176
FAST,BRISK,MAT_BF,53,29.486,inf,411,203
FAST,BRISK,MAT_BF,53,2.32789,inf,411,406
FAST,BRISK,MAT_BF,54,nan,-10.8202,5,263
FAST,BRISK,MAT_BF,55,-2.41361,-9.10883,10,267
FAST,BRISK,MAT_BF,55,nan,inf,419,171
FAST,BRISK,MAT_BF,56,-2.79273,-12.0902,11,272
FAST,BRISK,MAT_BF,56,2.31361,inf,440,181
FAST,BRISK,MAT_BF,57,-23.3578,inf,448,195
FAST,BRISK,MAT_BF,58,-2.87375,-14.2358,12,254
FAST,BRISK,MAT_BF,59,13.8031,inf,452,177
FAST,BRISK,MAT_BF,60,-15.3309,inf,416,206
FAST,BRISK,MAT_BF,60,17.6,-14.1789,10,291
FAST,BRISK,MAT_BF,61,-2.84445,-13.8953,14,300
FAST,BRISK,MAT_BF,61,-14.4002,-13.8953,14,600
FAST,BRISK,MAT_BF,62,-3.20559,-14.6935,13,286
FAST,BRISK,MAT_BF,62,2.31257,inf,440,180
FAST,BRISK,MAT_BF,63,-2.56759,-13.4179,16,297
FAST,BRISK,MAT_BF,63,-38.2997,-13.4179,16,594
FAST,BRISK,MAT_BF,65,2.62604,inf,444,212
FAST,BRISK,MAT_BF,68,-110.52,inf,434,203
FAST,BRISK,MAT_BF,69,-2.67035,-29.9017,14,330
FAST,BRISK,MAT_BF,71,29.3993,inf,442,206
FAST,BRISK,MAT_BF,72,88.1064,inf,443,213
FAST,BRISK,MAT_BF,73,-220.366,inf,422,213
FAST,BRIEF,MAT_BF,22,6.80636,11.0009,422,132
FAST,BRIEF,MAT_BF,23,8.43069,8.58218,487,147
FAST,BRIEF,MAT_BF,25,7.14768,10.8735,446,143
FAST,BRIEF,MAT_BF,26,9.97707,10.0629,433,158
FAST,BRIEF,MAT_BF,28,12.6681,11.6063,506,173
FAST,BRIEF,MAT_BF,30,7.52726,12.3122,476,152
FAST,BRIEF,MAT_BF,32,10.9404,14.1536,573,168
FAST,BRIEF,MAT_BF,34,7.60959,10.804,591,138
FAST,BRIEF,MAT_BF,35,6.59279,10.2037,582,142
FAST,BRIEF,MAT_BF,36,10.6294,8.48369,455,150
FAST,BRIEF,MAT_BF,39,5.47658,9.31529,603,209
FAST,BRIEF,MAT_BF,40,5.20724,8.26942,634,208
FAST,BRIEF,MAT_BF,45,5.60845,8.35297,564,203
FAST,BRIEF,MAT_BF,47,6.95384,10.2009,500,204
FAST,BRIEF,MAT_BF,52,24.656,inf,396,207
FAST,BRIEF,MAT_BF,54,nan,-10.3457,5,301
FAST,BRIEF,MAT_BF,55,-2.41361,-9.75974,10,303
FAST,BRIEF,MAT_BF,55,nan,inf,419,199
FAST,BRIEF,MAT_BF,56,-2.79273,-11.8957,11,325
FAST,BRIEF,MAT_BF,56,2.31361,inf,440,209
FAST,BRIEF,MAT_BF,57,-23.3578,inf,448,219
FAST,BRIEF,MAT_BF,58,-2.87375,-14.018,12,307
FAST,BRIEF,MAT_BF,59,13.8031,inf,452,212
FAST,BRIEF,MAT_BF,60,-15.3309,inf,416,226
FAST,BRIEF,MAT_BF,60,17.6,-14.8599,10,329
FAST,BRIEF,MAT_BF,61,-2.84445,-16.3301,14,319
FAST,BRIEF,MAT_BF,61,-14.4002,-16.3301,14,638
FAST,BRIEF,MAT_BF,62,-3.20559,-14.9708,13,314
FAST,BRIEF,MAT_BF,62,2.31257,inf,440,206
FAST,BRIEF,MAT_BF,63,-2.56759,-14.3002,16,331
FAST,BRIEF,MAT_BF,63,-38.2997,-14.3002,16,662
FAST,BRIEF,MAT_BF,65,2.62604,inf,444,223
FAST,BRIEF,MAT_BF,68,-110.52,inf,434,232
FAST,BRIEF,MAT_BF,69,-2.67035,-29.2943,14,345
FAST,BRIEF,MAT_BF,71,29.3993,inf,442,226
FAST,BRIEF,MAT_BF,72,88.1064,inf,443,220
FAST,BRIEF,MAT_BF,73,-220.366,inf,422,225
FAST,ORB,MAT_BF,22,6.80636,10.8487,422,132
FAST,ORB,MAT_BF,23,8.43069,8.9254,487,143
FAST,ORB,MAT_BF,25,7.14768,10.2093,446,133
FAST,ORB,MAT_BF,26,9.97707,10.68,433,144
FAST,ORB,MAT_BF,28,12.6681,11.8703,506,169
FAST,ORB,MAT_BF,29,7.25063,11.4428,441,148
FAST,ORB,MAT_BF,30,7.52726,12.2015,476,150
FAST,ORB,MAT_BF,32,10.9404,13.4306,573,159
FAST,ORB,MAT_BF,33,9.22618,15.736,544,175
FAST,ORB,MAT_BF,34,7.60959,10.4272,591,148
FAST,ORB,MAT_BF,35,6.59279,9.78208,582,136
FAST,ORB,MAT_BF,36,10.6294,8.36134,455,142
FAST,ORB,MAT_BF,39,5.47658,9.79743,603,203
FAST,ORB,MAT_BF,40,5.20724,7.86571,634,200
FAST,ORB,MAT_BF,47,6.95384,9.82499,500,192
FAST,ORB,MAT_BF,52,24.656,inf,396,203
FAST,ORB,MAT_BF,53,29.486,inf,411,224
FAST,ORB,MAT_BF,53,2.32789,inf,411,448
FAST,ORB,MAT_BF,54,nan,-9.9477,5,280
FAST,ORB,MAT_BF,55,-2.41361,-10.1522,10,278
FAST,ORB,MAT_BF,55,nan,inf,419,193
FAST,ORB,MAT_BF,56,-2.79273,-12.6519,11,303
FAST,ORB,MAT_BF,56,2.31361,inf,440,197
FAST,ORB,MAT_BF,57,-23.3578,inf,448,217
FAST,ORB,MAT_BF,58,-2.87375,-14.0645,12,281
FAST,ORB,MAT_BF,59,13.8031,inf,452,211
FAST,ORB,MAT_BF,60,-15.3309,inf,416,223
FAST,ORB,MAT_BF,60,17.6,-15.4503,10,314
FAST,ORB,MAT_BF,61,-2.84445,-15.8781,14,305
FAST,ORB,MAT_BF,61,-14.4002,-15.8781,14,610
FAST,ORB,MAT_BF,62,-3.20559,-15.5236,13,298
FAST,ORB,MAT_BF,62,2.31257,inf,440,207
FAST,ORB,MAT_BF,63,-2.56759,-13.9405,16,306
FAST,ORB,MAT_BF,63,-38.2997,-13.9405,16,612
FAST,ORB,MAT_BF,65,2.62604,inf,444,223
FAST,ORB,MAT_BF,68,-110.52,inf,434,226
FAST,ORB,MAT_BF,69,-2.67035,-29.7462,14,327
FAST,ORB,MAT_BF,71,29.3993,inf,442,221
FAST,ORB,MAT_BF,72,88.1064,inf,443,215
FAST,ORB,MAT_BF,73,-220.366,inf,422,225
FAST,FREAK,MAT_BF,15,8.09422,10.6408,286,72
FAST,FREAK,MAT_BF,22,6.80636,10.8281,422,101
FAST,FREAK,MAT_BF,25,7.14768,10.8238,446,94
FAST,FREAK,MAT_BF,26,9.97707,11.9236,433,112
FAST,FREAK,MAT_BF,28,12.6681,11.4419,506,128
FAST,FREAK,MAT_BF,30,7.52726,12.7767,476,115
FAST,FREAK,MAT_BF,34,7.60959,10.39,591,110
FAST,FREAK,MAT_BF,35,6.59279,9.52446,582,98
FAST,FREAK,MAT_BF,36,10.6294,8.73565,455,107
FAST,FREAK,MAT_BF,38,4.99238,9.10588,575,152
FAST,FREAK,MAT_BF,39,5.47658,9.376,603,160
FAST,FREAK,MAT_BF,40,5.20724,8.78923,634,149
FAST,FREAK,MAT_BF,47,6.95384,10.8216,500,146
FAST,FREAK,MAT_BF,48,nan,12.2625,529,135
FAST,FREAK,MAT_BF,52,24.656,inf,396,168
FAST,FREAK,MAT_BF,53,29.486,inf,411,198
FAST,FREAK,MAT_BF,53,2.32789,inf,411,396
FAST,FREAK,MAT_BF,54,nan,-11.8715,5,226
FAST,FREAK,MAT_BF,55,-2.41361,-8.90677,10,234
FAST,FREAK,MAT_BF,55,nan,inf,419,155
FAST,FREAK,MAT_BF,56,-2.79273,-13.4234,11,249
FAST,FREAK,MAT_BF,56,2.31361,inf,440,173
FAST,FREAK,MAT_BF,57,-23.3578,inf,448,188
FAST,FREAK,MAT_BF,58,-2.87375,-15.205,12,237
FAST,FREAK,MAT_BF,59,13.8031,inf,452,167
FAST,FREAK,MAT_BF,60,-15.3309,inf,416,199
FAST,FREAK,MAT_BF,60,17.6,-15.8069,10,252
FAST,FREAK,MAT_BF,61,-2.84445,-15.811,14,244
FAST,FREAK,MAT_BF,61,-14.4002,-15.811,14,488
FAST,FREAK,MAT_BF,62,-3.20559,-14.1685,13,251
FAST,FREAK,MAT_BF,62,2.31257,inf,440,178
FAST,FREAK,MAT_BF,63,-2.56759,-14.2363,16,265
FAST,FREAK,MAT_BF,63,-38.2997,-14.2363,16,530
FAST,FREAK,MAT_BF,65,2.62604,inf,444,213
FAST,FREAK,MAT_BF,68,-110.52,inf,434,199
FAST,FREAK,MAT_BF,69,-2.67035,-32.2548,14,287
FAST,FREAK,MAT_BF,71,29.3993,inf,442,200
FAST,FREAK,MAT_BF,72,88.1064,inf,443,211
FAST,FREAK,MAT_BF,73,-220.366,inf,422,211
FAST,SIFT,MAT_FLANN,22,6.80636,12.5008,422,137
FAST,SIFT,MAT_FLANN,23,8.43069,8.41658,487,144
FAST,SIFT,MAT_FLANN,25,7.14768,10.9134,446,143
FAST,SIFT,MAT_FLANN,26,9.97707,10.1506,433,161
FAST,SIFT,MAT_FLANN,28,12.6681,12.469,506,177
FAST,SIFT,MAT_FLANN,30,7.52726,13.5091,476,153
FAST,SIFT,MAT_FLANN,33,9.22618,13.5057,544,178
FAST,SIFT,MAT_FLANN,34,7.60959,10.5876,591,155
FAST,SIFT,MAT_FLANN,35,6.59279,10.7842,582,147
FAST,SIFT,MAT_FLANN,36,10.6294,8.78465,455,155
FAST,SIFT,MAT_FLANN,38,4.99238,12.1627,575,215
FAST,SIFT,MAT_FLANN,39,5.47658,11.1635,603,225
FAST,SIFT,MAT_FLANN,40,5.20724,9.08412,634,209
FAST,SIFT,MAT_FLANN,45,5.60845,8.70682,564,215
FAST,SIFT,MAT_FLANN,47,6.95384,10.2636,500,216
FAST,SIFT,MAT_FLANN,48,nan,13.33,529,198
FAST,SIFT,MAT_FLANN,52,24.656,inf,396,216
FAST,SIFT,MAT_FLANN,53,29.486,inf,411,235
FAST,SIFT,MAT_FLANN,53,2.32789,inf,411,470
FAST,SIFT,MAT_FLANN,54,nan,-8.48963,5,363
FAST,SIFT,MAT_FLANN,55,-2.41361,-7.6754,10,356
FAST,SIFT,MAT_FLANN,55,nan,inf,419,210
FAST,SIFT,MAT_FLANN,56,-2.79273,-9.86765,11,393
FAST,SIFT,MAT_FLANN,56,2.31361,inf,440,210
FAST,SIFT,MAT_FLANN,57,-23.3578,inf,448,226
FAST,SIFT,MAT_FLANN,58,-2.87375,-11.5717,12,371
FAST,SIFT,MAT_FLANN,59,13.8031,inf,452,216
FAST,SIFT,MAT_FLANN,60,-15.3309,inf,416,234
FAST,SIFT,MAT_FLANN,60,17.6,-13.9469,10,394
FAST,SIFT,MAT_FLANN,61,-2.84445,-13.3005,14,383
FAST,SIFT,MAT_FLANN,61,-14.4002,-13.3005,14,766
FAST,SIFT,MAT_FLANN,62,-3.20559,-14.2585,13,376
FAST,SIFT,MAT_FLANN,62,2.31257,inf,440,219
FAST,SIFT,MAT_FLANN,63,-2.56759,-12.8491,16,397
FAST,SIFT,MAT_FLANN,63,-38.2997,-12.8491,16,794
FAST,SIFT,MAT_FLANN,65,2.62604,inf,444,232
FAST,SIFT,MAT_FLANN,68,-110.52,inf,434,238
FAST,SIFT,MAT_FLANN,69,-2.67035,-28.8562,14,415
FAST,SIFT,MAT_FLANN,71,29.3993,inf,442,230
FAST,SIFT,MAT_FLANN,72,88.1064,inf,443,224
FAST,SIFT,MAT_FLANN,73,-220.366,inf,422,230
BRISK,BRISK,MAT_BF,23,8.43069,11.0838,487,199
BRISK,BRISK,MAT_BF,25,7.14768,9.66422,446,196
BRISK,BRISK,MAT_BF,26,9.97707,11.3813,433,229
BRISK,BRISK,MAT_BF,28,12.6681,11.8442,506,235
BRISK,BRISK,MAT_BF,30,7.52726,15.4136,476,226
BRISK,BRISK,MAT_BF,32,10.9404,19.9573,573,222
BRISK,BRISK,MAT_BF,33,9.22618,16.2386,544,215
BRISK,BRISK,MAT_BF,34,7.60959,12.8072,591,211
BRISK,BRISK,MAT_BF,35,6.59279,9.87082,582,216
BRISK,BRISK,MAT_BF,36,10.6294,9.16934,455,224
BRISK,BRISK,MAT_BF,37,7.22569,8.31633,476,201
BRISK,BRISK,MAT_BF,38,4.99238,10.1503,575,267
BRISK,BRISK,MAT_BF,39,5.47658,10.0799,603,290
BRISK,BRISK,MAT_BF,40,5.20724,9.95659,634,291
BRISK,BRISK,MAT_BF,45,5.60845,9.73005,564,276
BRISK,BRISK,MAT_BF,47,6.95384,10.6012,500,273
BRISK,BRISK,MAT_BF,48,nan,12.1583,529,263
BRISK,BRISK,MAT_BF,52,24.656,48.1551,396,307
BRISK,BRISK,MAT_BF,53,29.486,153.774,411,354
BRISK,BRISK,MAT_BF,53,2.32789,153.774,411,708
BRISK,BRISK,MAT_BF,54,nan,-7.88112,5,403
BRISK,BRISK,MAT_BF,55,-2.41361,-7.55154,10,432
BRISK,BRISK,MAT_BF,55,nan,-75.3421,419,279
BRISK,BRISK,MAT_BF,56,-2.79273,-9.58839,11,426
BRISK,BRISK,MAT_BF,56,2.31361,-1086.83,440,274
BRISK,BRISK,MAT_BF,57,2.61059,-963.694,448,351
BRISK,BRISK,MAT_BF,58,-2.87375,-10.8819,12,431
BRISK,BRISK,MAT_BF,59,13.8031,-332.711,452,290
BRISK,BRISK,MAT_BF,59,2.44033,-332.711,452,580
BRISK,BRISK,MAT_BF,60,-15.3309,-850.746,416,359
BRISK,BRISK,MAT_BF,60,17.6,-13.4344,10,433
BRISK,BRISK,MAT_BF,61,88.818,-823.062,408,303
BRISK,BRISK,MAT_BF,62,-3.20559,-12.6899,13,463
BRISK,BRISK,MAT_BF,62,2.31257,-327.522,440,320
BRISK,BRISK,MAT_BF,63,-2.56759,-12.7912,16,476
BRISK,BRISK,MAT_BF,63,-38.2997,-12.7912,16,952
BRISK,BRISK,MAT_BF,68,-110.52,-917.134,434,363
BRISK,BRISK,MAT_BF,69,-2.67035,-28.1673,14,525
BRISK,BRISK,MAT_BF,71,29.3993,-1635.73,442,366
BRISK,BRISK,MAT_BF,72,88.1064,1803.03,443,387
BRISK,BRISK,MAT_BF,73,-220.366,-2069.19,422,390
BRISK,BRIEF,MAT_BF,22,6.80636,10.4884,422,229
BRISK,BRIEF,MAT_BF,23,8.43069,10.4483,487,230
BRISK,BRIEF,MAT_BF,25,7.14768,10.2354,446,218
BRISK,BRIEF,MAT_BF,26,9.97707,10.4538,433,251
BRISK,BRIEF,MAT_BF,28,12.6681,13.2938,506,255
BRISK,BRIEF,MAT_BF,30,7.52726,12.7265,476,235
BRISK,BRIEF,MAT_BF,33,9.22618,16.3695,544,245
BRISK,BRIEF,MAT_BF,34,7.60959,11.0181,591,251
BRISK,BRIEF,MAT_BF,35,6.59279,10.572,582,231
BRISK,BRIEF,MAT_BF,36,10.6294,9.36068,455,248
BRISK,BRIEF,MAT_BF,38,4.99238,10.4734,575,324
BRISK,BRIEF,MAT_BF,39,5.47658,10.0332,603,322
BRISK,BRIEF,MAT_BF,40,5.20724,8.40956,634,311
BRISK,BRIEF,MAT_BF,45,5.60845,8.79866,564,297
BRISK,BRIEF,MAT_BF,47,6.95384,11.4146,500,310
BRISK,BRIEF,MAT_BF,48,14.9666,12.7969,529,285
BRISK,BRIEF,MAT_BF,52,24.656,69.8932,396,330
BRISK,BRIEF,MAT_BF,53,29.486,122.139,411,344
BRISK,BRIEF,MAT_BF,53,2.32789,122.139,411,688
BRISK,BRIEF,MAT_BF,54,nan,-8.87039,5,437
BRISK,BRIEF,MAT_BF,55,-2.41361,-8.36563,10,481
BRISK,BRIEF,MAT_BF,55,nan,-124.226,419,303
BRISK,BRIEF,MAT_BF,56,-2.79273,-9.6766,11,476
BRISK,BRIEF,MAT_BF,56,2.31361,152.071,440,295
BRISK,BRIEF,MAT_BF,57,-23.3578,819.952,448,347
BRISK,BRIEF,MAT_BF,58,-2.87375,-12.5293,12,481
BRISK,BRIEF,MAT_BF,59,13.8031,-169.988,452,318
BRISK,BRIEF,MAT_BF,59,2.44033,-169.988,452,636
BRISK,BRIEF,MAT_BF,60,-15.3309,-1705.86,416,354
BRISK,BRIEF,MAT_BF,60,17.6,-15.3508,10,499
BRISK,BRIEF,MAT_BF,61,-2.84445,-15.5851,14,459
BRISK,BRIEF,MAT_BF,61,-14.4002,-15.5851,14,918
BRISK,BRIEF,MAT_BF,62,-3.20559,-12.9147,13,484
BRISK,BRIEF,MAT_BF,62,2.31257,-289.333,440,337
BRISK,BRIEF,MAT_BF,63,-2.56759,-13.9269,16,510
BRISK,BRIEF,MAT_BF,63,-38.2997,-13.9269,16,1020
BRISK,BRIEF,MAT_BF,68,-110.52,-2106.57,434,356
BRISK,BRIEF,MAT_BF,69,-2.67035,-27.5045,14,549
BRISK,BRIEF,MAT_BF,71,29.3993,-1715.4,442,371
BRISK,BRIEF,MAT_BF,72,88.1064,1471.37,443,357
BRISK,BRIEF,MAT_BF,73,-220.366,-2992.52,422,362
BRISK,ORB,MAT_BF,23,8.43069,10.9176,487,184
BRISK,ORB,MAT_BF,25,7.14768,11.9232,446,194
BRISK,ORB,MAT_BF,26,9.97707,13.4268,433,211
BRISK,ORB,MAT_BF,28,12.6681,12.4214,506,228
BRISK,ORB,MAT_BF,30,7.52726,15.0027,476,218
BRISK,ORB,MAT_BF,32,10.9404,14.4995,573,203
BRISK,ORB,MAT_BF,33,9.22618,16.3566,544,210
BRISK,ORB,MAT_BF,34,7.60959,11.5895,591,199
BRISK,ORB,MAT_BF,35,6.59279,10.3237,582,211
BRISK,ORB,MAT_BF,36,10.6294,9.65419,455,215
BRISK,ORB,MAT_BF,38,4.99238,9.43954,575,253
BRISK,ORB,MAT_BF,39,5.47658,9.13853,603,277
BRISK,ORB,MAT_BF,40,5.20724,9.47333,634,275
BRISK,ORB,MAT_BF,45,5.60845,9.49121,564,270
BRISK,ORB,MAT_BF,47,6.95384,10.5949,500,249
BRISK,ORB,MAT_BF,48,nan,13.0314,529,254
BRISK,ORB,MAT_BF,52,24.656,48.6958,396,295
BRISK,ORB,MAT_BF,53,29.486,139.699,411,342
BRISK,ORB,MAT_BF,53,2.32789,139.699,411,684
BRISK,ORB,MAT_BF,54,nan,-7.90923,5,378
BRISK,ORB,MAT_BF,55,-2.41361,-7.75725,10,397
BRISK,ORB,MAT_BF,55,nan,-117.09,419,258
BRISK,ORB,MAT_BF,56,-2.79273,-9.47686,11,415
BRISK,ORB,MAT_BF,56,2.31361,-2033.72,440,263
BRISK,ORB,MAT_BF,57,-23.3578,1450.95,448,333
BRISK,ORB,MAT_BF,58,-2.87375,-11.154,12,429
BRISK,ORB,MAT_BF,59,13.8031,-1130.25,452,287
BRISK,ORB,MAT_BF,59,2.44033,-1130.25,452,574
BRISK,ORB,MAT_BF,60,-15.3309,-963.387,416,355
BRISK,ORB,MAT_BF,60,17.6,-12.6218,10,417
BRISK,ORB,MAT_BF,61,-2.84445,-12.661,14,410
BRISK,ORB,MAT_BF,61,-14.4002,-12.661,14,820
BRISK,ORB,MAT_BF,62,-3.20559,-13.0897,13,446
BRISK,ORB,MAT_BF,62,2.31257,-381.12,440,311
BRISK,ORB,MAT_BF,63,-2.56759,-13.3762,16,457
BRISK,ORB,MAT_BF,63,-38.2997,-13.3762,16,914
BRISK,ORB,MAT_BF,68,-110.52,-1077.32,434,342
BRISK,ORB,MAT_BF,69,-2.67035,-28.009,14,505
BRISK,ORB,MAT_BF,71,29.3993,-1205.98,442,371
BRISK,ORB,MAT_BF,72,88.1064,2190.11,443,380
BRISK,ORB,MAT_BF,73,-220.366,-1600.25,422,388
BRISK,FREAK,MAT_BF,19,7.64316,10.4688,346,178
BRISK,FREAK,MAT_BF,22,6.80636,10.2171,422,189
BRISK,FREAK,MAT_BF,23,8.43069,10.2667,487,185
BRISK,FREAK,MAT_BF,25,7.14768,12.8923,446,190
BRISK,FREAK,MAT_BF,26,9.97707,11.3001,433,218
BRISK,FREAK,MAT_BF,28,12.6681,11.9229,506,216
BRISK,FREAK,MAT_BF,30,7.52726,16.8915,476,226
BRISK,FREAK,MAT_BF,34,7.60959,12.397,591,204
BRISK,FREAK,MAT_BF,35,6.59279,10.2119,582,194
BRISK,FREAK,MAT_BF,36,10.6294,9.96837,455,209
BRISK,FREAK,MAT_BF,38,4.99238,9.91845,575,270
BRISK,FREAK,MAT_BF,39,5.47658,10.1692,603,281
BRISK,FREAK,MAT_BF,40,5.20724,9.96908,634,257
BRISK,FREAK,MAT_BF,45,5.60845,9.8034,564,243
BRISK,FREAK,MAT_BF,47,6.95384,12.2134,500,251
BRISK,FREAK,MAT_BF,52,24.656,47.9323,396,271
BRISK,FREAK,MAT_BF,53,29.486,141.36,411,313
BRISK,FREAK,MAT_BF,53,2.32789,141.36,411,626
BRISK,FREAK,MAT_BF,54,nan,-9.10043,5,314
BRISK,FREAK,MAT_BF,55,-2.41361,-8.76222,10,336
BRISK,FREAK,MAT_BF,55,nan,-64.3229,419,248
BRISK,FREAK,MAT_BF,56,-2.79273,-10.7353,11,359
BRISK,FREAK,MAT_BF,56,2.31361,-669.109,440,240
BRISK,FREAK,MAT_BF,57,2.61059,934.273,448,285
BRISK,FREAK,MAT_BF,58,-2.87375,-12.4044,12,344
BRISK,FREAK,MAT_BF,59,13.8031,-364.704,452,249
BRISK,FREAK,MAT_BF,60,-15.3309,-1454.45,416,305
BRISK,FREAK,MAT_BF,60,17.6,-13.0959,10,361
BRISK,FREAK,MAT_BF,61,88.818,-202.077,408,267
BRISK,FREAK,MAT_BF,62,-3.20559,-14.05,13,354
BRISK,FREAK,MAT_BF,62,2.31257,-274.45,440,275
BRISK,FREAK,MAT_BF,63,-2.56759,-14.0289,16,398
BRISK,FREAK,MAT_BF,63,-38.2997,-14.0289,16,796
BRISK,FREAK,MAT_BF,68,-110.52,-413.709,434,304
BRISK,FREAK,MAT_BF,69,-2.67035,-28.9041,14,411
BRISK,FREAK,MAT_BF,71,29.3993,-743.867,442,313
BRISK,FREAK,MAT_BF,72,88.1064,1417.96,443,320
BRISK,FREAK,MAT_BF,73,-220.366,-3747.5,422,329
BRISK,SIFT,MAT_FLANN,15,8.09422,14.6332,286,165
BRISK,SIFT,MAT_FLANN,22,6.80636,9.74114,422,226
BRISK,SIFT,MAT_FLANN,23,8.43069,11.401,487,213
BRISK,SIFT,MAT_FLANN,25,7.14768,10.4691,446,228
BRISK,SIFT,MAT_FLANN,26,9.97707,13.5758,433,245
BRISK,SIFT,MAT_FLANN,28,12.6681,17.9666,506,264
BRISK,SIFT,MAT_FLANN,30,7.52726,17.6282,476,238
BRISK,SIFT,MAT_FLANN,33,9.22618,22.2154,544,244
BRISK,SIFT,MAT_FLANN,34,7.60959,13.7481,591,232
BRISK,SIFT,MAT_FLANN,35,6.59279,10.6467,582,238
BRISK,SIFT,MAT_FLANN,36,10.6294,8.76147,455,243
BRISK,SIFT,MAT_FLANN,38,4.99238,11.0368,575,311
BRISK,SIFT,MAT_FLANN,39,5.47658,9.05403,603,330
BRISK,SIFT,MAT_FLANN,40,5.20724,10.6339,634,303
BRISK,SIFT,MAT_FLANN,45,5.60845,8.44134,564,295
BRISK,SIFT,MAT_FLANN,47,6.95384,11.3894,500,277
BRISK,SIFT,MAT_FLANN,48,nan,12.343,529,280
BRISK,SIFT,MAT_FLANN,52,24.656,52.6595,396,315
BRISK,SIFT,MAT_FLANN,53,29.486,160.71,411,357
BRISK,SIFT,MAT_FLANN,53,2.32789,160.71,411,714
BRISK,SIFT,MAT_FLANN,54,nan,-8.46658,5,445
BRISK,SIFT,MAT_FLANN,55,-2.41361,-7.54684,10,449
BRISK,SIFT,MAT_FLANN,55,nan,-69.7511,419,255
BRISK,SIFT,MAT_FLANN,56,-2.79273,-10.1372,11,483
BRISK,SIFT,MAT_FLANN,56,2.31361,-186.475,440,296
BRISK,SIFT,MAT_FLANN,57,2.61059,2359.1,448,372
BRISK,SIFT,MAT_FLANN,58,-2.87375,-10.8739,12,451
BRISK,SIFT,MAT_FLANN,59,13.8031,-419.904,452,318
BRISK,SIFT,MAT_FLANN,60,-15.3309,-981.05,416,379
BRISK,SIFT,MAT_FLANN,60,17.6,-15.2547,10,475
BRISK,SIFT,MAT_FLANN,61,-2.84445,-14.4927,14,464
BRISK,SIFT,MAT_FLANN,61,-14.4002,-14.4927,14,928
BRISK,SIFT,MAT_FLANN,62,-3.20559,-12.2652,13,479
BRISK,SIFT,MAT_FLANN,62,2.31257,-638.732,440,334
BRISK,SIFT,MAT_FLANN,63,-2.56759,-13.1505,16,512
BRISK,SIFT,MAT_FLANN,63,-38.2997,-13.1505,16,1024
BRISK,SIFT,MAT_FLANN,68,-110.52,-1125.12,434,375
BRISK,SIFT,MAT_FLANN,69,-2.67035,-28.1717,14,563
BRISK,SIFT,MAT_FLANN,71,29.3993,-5404.04,442,400
BRISK,SIFT,MAT_FLANN,72,88.1064,1783.18,443,396
BRISK,SIFT,MAT_FLANN,73,-220.366,-1312.97,422,400
ORB,BRISK,MAT_BF,15,8.09422,8.72363,286,43
ORB,BRISK,MAT_BF,23,8.43069,9.2856,487,64
ORB,BRISK,MAT_BF,30,7.52726,15.8915,476,85
ORB,BRISK,MAT_BF,31,10.4382,inf,522,79
ORB,BRISK,MAT_BF,34,7.60959,18.2639,591,56
ORB,BRISK,MAT_BF,50,nan,inf,391,97
ORB,BRISK,MAT_BF,52,nan,inf,396,109
ORB,BRISK,MAT_BF,53,2.32789,inf,411,107
ORB,BRISK,MAT_BF,54,nan,-374.826,5,49
ORB,BRISK,MAT_BF,54,2.41475,inf,420,107
ORB,BRISK,MAT_BF,55,-2.41361,-16.2796,10,43
ORB,BRISK,MAT_BF,56,-2.79273,-10.6444,11,49
ORB,BRISK,MAT_BF,58,-2.87375,inf,12,55
ORB,BRISK,MAT_BF,58,24.1999,inf,12,110
ORB,BRISK,MAT_BF,60,-2.87798,-26.3461,10,54
ORB,BRISK,MAT_BF,61,-2.84445,-18.1309,14,49
ORB,BRISK,MAT_BF,61,3.28962,inf,408,99
ORB,BRISK,MAT_BF,62,-3.20559,inf,13,57
ORB,BRISK,MAT_BF,62,2.31257,inf,440,103
ORB,BRISK,MAT_BF,63,-2.56759,inf,16,54
ORB,BRISK,MAT_BF,63,2.59647,inf,427,108
ORB,BRISK,MAT_BF,64,2.45333,inf,418,105
ORB,BRISK,MAT_BF,67,16.3429,inf,16,50
ORB,BRISK,MAT_BF,69,-2.67035,inf,14,50
ORB,BRISK,MAT_BF,70,153.011,inf,12,47
ORB,BRISK,MAT_BF,71,65.4717,inf,14,50
ORB,BRIEF,MAT_BF,14,10.9678,9.88105,305,42
ORB,BRIEF,MAT_BF,15,8.09422,8.94125,286,30
ORB,BRIEF,MAT_BF,23,8.43069,11.3948,487,54
ORB,BRIEF,MAT_BF,30,7.52726,22.4397,476,46
ORB,BRIEF,MAT_BF,38,4.99238,12.2984,575,52
ORB,BRIEF,MAT_BF,49,nan,inf,468,79
ORB,BRIEF,MAT_BF,52,nan,inf,396,94
ORB,BRIEF,MAT_BF,53,2.32789,inf,411,80
ORB,BRIEF,MAT_BF,54,nan,-356.822,5,31
ORB,BRIEF,MAT_BF,55,-2.41361,-20.0318,10,46
ORB,BRIEF,MAT_BF,56,-2.79273,-24.3917,11,35
ORB,BRIEF,MAT_BF,57,-51.2983,-39.3494,10,38
ORB,BRIEF,MAT_BF,58,-2.87375,-20.8254,12,35
ORB,BRIEF,MAT_BF,59,13.8031,inf,452,71
ORB,BRIEF,MAT_BF,59,-115.045,-172.9,12,43
ORB,BRIEF,MAT_BF,60,-2.87798,-251.782,10,50
ORB,BRIEF,MAT_BF,61,-2.84445,-12044.1,14,40
ORB,BRIEF,MAT_BF,61,3.28962,inf,408,88
ORB,BRIEF,MAT_BF,62,-3.20559,-31.547,13,47
ORB,BRIEF,MAT_BF,62,2.31257,inf,440,86
ORB,BRIEF,MAT_BF,63,-2.56759,inf,16,41
ORB,BRIEF,MAT_BF,64,2.45333,inf,418,97
ORB,BRIEF,MAT_BF,65,2.62604,inf,444,92
ORB,BRIEF,MAT_BF,67,16.3429,inf,16,41
ORB,BRIEF,MAT_BF,68,2.85225,inf,434,87
ORB,BRIEF,MAT_BF,69,-2.67035,inf,14,42
ORB,BRIEF,MAT_BF,71,65.4717,inf,14,40
ORB,ORB,MAT_BF,15,8.09422,11.3627,286,48
ORB,ORB,MAT_BF,16,8.81392,11.3484,288,50
ORB,ORB,MAT_BF,23,8.43069,10.6236,487,66
ORB,ORB,MAT_BF,30,7.52726,57.838,476,75
ORB,ORB,MAT_BF,37,7.22569,7.21379,476,44
ORB,ORB,MAT_BF,38,4.99238,12.2676,575,75
ORB,ORB,MAT_BF,52,nan,inf,396,121
ORB,ORB,MAT_BF,53,2.32789,inf,411,124
ORB,ORB,MAT_BF,54,nan,-569.512,5,57
ORB,ORB,MAT_BF,55,-2.41361,-45.1717,10,53
ORB,ORB,MAT_BF,56,-2.79273,-13.7506,11,58
ORB,ORB,MAT_BF,56,2.31361,inf,440,105
ORB,ORB,MAT_BF,57,-51.2983,inf,10,59
ORB,ORB,MAT_BF,58,-2.87375,-1.2328e+06,12,63
ORB,ORB,MAT_BF,58,24.1999,-1.2328e+06,12,126
ORB,ORB,MAT_BF,60,-2.87798,inf,10,64
ORB,ORB,MAT_BF,61,-2.84445,inf,14,59
ORB,ORB,MAT_BF,61,3.28962,inf,408,112
ORB,ORB,MAT_BF,62,-3.20559,inf,13,66
ORB,ORB,MAT_BF,62,2.31257,inf,440,111
ORB,ORB,MAT_BF,63,-2.56759,inf,16,67
ORB,ORB,MAT_BF,63,2.59647,inf,427,122
ORB,ORB,MAT_BF,64,-41.883,inf,12,68
ORB,ORB,MAT_BF,65,2.62604,inf,444,118
ORB,ORB,MAT_BF,69,-2.67035,inf,14,66
ORB,ORB,MAT_BF,71,65.4717,inf,14,64
ORB,FREAK,MAT_BF,15,8.09422,8.68505,286,29
ORB,FREAK,MAT_BF,18,8.30978,16.8655,295,28
ORB,FREAK,MAT_BF,23,8.43069,12.3403,487,35
ORB,FREAK,MAT_BF,30,7.52726,19.5555,476,43
ORB,FREAK,MAT_BF,34,7.60959,444.319,591,29
ORB,FREAK,MAT_BF,37,7.22569,9.01707,476,17
ORB,FREAK,MAT_BF,52,nan,-18.8764,396,51
ORB,FREAK,MAT_BF,53,2.32789,inf,411,51
ORB,FREAK,MAT_BF,54,nan,-4.73172,5,15
ORB,FREAK,MAT_BF,54,2.41475,inf,420,57
ORB,FREAK,MAT_BF,55,-2.41361,-4.83004,10,15
ORB,FREAK,MAT_BF,56,-2.79273,-9.16636,11,20
ORB,FREAK,MAT_BF,58,-2.87375,inf,12,17
ORB,FREAK,MAT_BF,58,24.1999,inf,12,34
ORB,FREAK,MAT_BF,59,2.44033,inf,452,54
ORB,FREAK,MAT_BF,60,-2.87798,-20.5022,10,19
ORB,FREAK,MAT_BF,61,-2.84445,-11.6181,14,17
ORB,FREAK,MAT_BF,62,-3.20559,inf,13,20
ORB,FREAK,MAT_BF,62,19.1002,inf,13,40
ORB,FREAK,MAT_BF,63,-2.56759,inf,16,21
ORB,FREAK,MAT_BF,63,2.59647,inf,427,56
ORB,FREAK,MAT_BF,64,2.45333,inf,418,54
ORB,FREAK,MAT_BF,66,2.60947,inf,426,55
ORB,FREAK,MAT_BF,69,-2.67035,nan,14,18
ORB,FREAK,MAT_BF,70,153.011,nan,12,19
ORB,SIFT,MAT_FLANN,20,4.73885,9.64005,423,64
ORB,SIFT,MAT_FLANN,23,8.43069,12.5955,487,66
ORB,SIFT,MAT_FLANN,30,7.52726,30.5132,476,79
ORB,SIFT,MAT_FLANN,35,6.59279,9.90298,582,52
ORB,SIFT,MAT_FLANN,37,7.22569,6.89616,476,46
ORB,SIFT,MAT_FLANN,38,4.99238,11.4512,575,85
ORB,SIFT,MAT_FLANN,52,nan,inf,396,120
ORB,SIFT,MAT_FLANN,53,2.32789,inf,411,122
ORB,SIFT,MAT_FLANN,54,nan,-823.963,5,60
ORB,SIFT,MAT_FLANN,55,-2.41361,-172.861,10,55
ORB,SIFT,MAT_FLANN,56,-2.79273,-13.5674,11,60
ORB,SIFT,MAT_FLANN,56,2.31361,inf,440,110
ORB,SIFT,MAT_FLANN,57,-51.2983,-9286.42,10,61
ORB,SIFT,MAT_FLANN,58,-2.87375,inf,12,66
ORB,SIFT,MAT_FLANN,58,24.1999,inf,12,132
ORB,SIFT,MAT_FLANN,60,-2.87798,inf,10,65
ORB,SIFT,MAT_FLANN,61,-2.84445,inf,14,62
ORB,SIFT,MAT_FLANN,61,3.28962,inf,408,106
ORB,SIFT,MAT_FLANN,62,-3.20559,inf,13,70
ORB,SIFT,MAT_FLANN,62,2.31257,inf,440,114
ORB,SIFT,MAT_FLANN,63,-2.56759,inf,16,68
ORB,SIFT,MAT_FLANN,63,-38.2997,inf,16,136
ORB,SIFT,MAT_FLANN,64,-41.883,inf,12,67
ORB,SIFT,MAT_FLANN,65,2.62604,inf,444,114
ORB,SIFT,MAT_FLANN,69,-2.67035,inf,14,64
ORB,SIFT,MAT_FLANN,71,65.4717,inf,14,64
AKAZE,BRISK,MAT_BF,22,6.80636,8.01513,422,132
AKAZE,BRISK,MAT_BF,25,7.14768,9.04064,446,127
AKAZE,BRISK,MAT_BF,26,9.97707,9.43958,433,143
AKAZE,BRISK,MAT_BF,28,12.6681,9.52861,506,147
AKAZE,BRISK,MAT_BF,29,7.25063,9.42024,441,142
AKAZE,BRISK,MAT_BF,30,7.52726,9.36012,476,138
AKAZE,BRISK,MAT_BF,33,9.22618,10.532,544,157
AKAZE,BRISK,MAT_BF,35,6.59279,8.4454,582,145
AKAZE,BRISK,MAT_BF,36,10.6294,7.73892,455,146
AKAZE,BRISK,MAT_BF,38,4.99238,9.5641,575,201
AKAZE,BRISK,MAT_BF,39,5.47658,9.89793,603,193
AKAZE,BRISK,MAT_BF,40,5.20724,8.71341,634,196
AKAZE,BRISK,MAT_BF,45,5.60845,8.72196,564,193
AKAZE,BRISK,MAT_BF,47,6.95384,10.3939,500,203
AKAZE,BRISK,MAT_BF,48,nan,11.4836,529,189
AKAZE,BRISK,MAT_BF,49,-149.754,14.2335,468,218
AKAZE,BRISK,MAT_BF,52,24.656,41.2163,396,215
AKAZE,BRISK,MAT_BF,53,29.486,120.476,411,218
AKAZE,BRISK,MAT_BF,53,2.32789,120.476,411,436
AKAZE,BRISK,MAT_BF,54,nan,-10.0762,5,229
AKAZE,BRISK,MAT_BF,55,-2.41361,-11.7473,10,239
AKAZE,BRISK,MAT_BF,55,nan,-77.3267,419,210
AKAZE,BRISK,MAT_BF,56,-2.79273,-14.1266,11,248
AKAZE,BRISK,MAT_BF,56,2.31361,4688.43,440,216
AKAZE,BRISK,MAT_BF,57,-23.3578,-382.946,448,222
AKAZE,BRISK,MAT_BF,58,-2.87375,-17.8077,12,245
AKAZE,BRISK,MAT_BF,59,13.8031,-282.973,452,221
AKAZE,BRISK,MAT_BF,59,2.44033,-282.973,452,442
AKAZE,BRISK,MAT_BF,60,-15.3309,-339.81,416,225
AKAZE,BRISK,MAT_BF,60,2.85,-339.81,416,450
AKAZE,BRISK,MAT_BF,61,-2.84445,-21.6958,14,249
AKAZE,BRISK,MAT_BF,61,-14.4002,-21.6958,14,498
AKAZE,BRISK,MAT_BF,62,-3.20559,-18.1658,13,254
AKAZE,BRISK,MAT_BF,62,2.31257,-406.761,440,227
AKAZE,BRISK,MAT_BF,63,-2.56759,-19.452,16,270
AKAZE,BRISK,MAT_BF,63,-38.2997,-19.452,16,540
AKAZE,BRISK,MAT_BF,68,-110.52,-449.351,434,229
AKAZE,BRISK,MAT_BF,69,-2.67035,-41.4651,14,279
AKAZE,BRISK,MAT_BF,71,29.3993,-1314.51,442,243
AKAZE,BRISK,MAT_BF,72,88.1064,2188.31,443,245
AKAZE,BRISK,MAT_BF,73,-220.366,-1972.8,422,243
AKAZE,BRIEF,MAT_BF,22,6.80636,7.9003,422,145
AKAZE,BRIEF,MAT_BF,23,8.43069,9.11179,487,136
AKAZE,BRIEF,MAT_BF,25,7.14768,9.98856,446,145
AKAZE,BRIEF,MAT_BF,26,9.97707,10.734,433,157
AKAZE,BRIEF,MAT_BF,28,12.6681,9.63105,506,155
AKAZE,BRIEF,MAT_BF,30,7.52726,10.1435,476,154
AKAZE,BRIEF,MAT_BF,33,9.22618,11.0728,544,165
AKAZE,BRIEF,MAT_BF,34,7.60959,9.64134,591,150
AKAZE,BRIEF,MAT_BF,35,6.59279,8.88028,582,148
AKAZE,BRIEF,MAT_BF,36,10.6294,7.9785,455,149
AKAZE,BRIEF,MAT_BF,38,4.99238,10.0102,575,193
AKAZE,BRIEF,MAT_BF,39,5.47658,9.96377,603,204
AKAZE,BRIEF,MAT_BF,40,5.20724,9.16664,634,205
AKAZE,BRIEF,MAT_BF,45,5.60845,8.59629,564,194
AKAZE,BRIEF,MAT_BF,47,6.95384,10.7272,500,203
AKAZE,BRIEF,MAT_BF,48,nan,11.95,529,190
AKAZE,BRIEF,MAT_BF,52,24.656,44.9371,396,220
AKAZE,BRIEF,MAT_BF,53,29.486,138.837,411,225
AKAZE,BRIEF,MAT_BF,53,2.32789,138.837,411,450
AKAZE,BRIEF,MAT_BF,54,nan,-10.2198,5,221
AKAZE,BRIEF,MAT_BF,55,-2.41361,-12.8096,10,230
AKAZE,BRIEF,MAT_BF,55,nan,-84.7139,419,208
AKAZE,BRIEF,MAT_BF,56,-2.79273,-15.889,11,241
AKAZE,BRIEF,MAT_BF,56,2.31361,2545.4,440,217
AKAZE,BRIEF,MAT_BF,57,-23.3578,-501.002,448,220
AKAZE,BRIEF,MAT_BF,58,-2.87375,-17.7136,12,245
AKAZE,BRIEF,MAT_BF,59,13.8031,-258.977,452,215
AKAZE,BRIEF,MAT_BF,59,2.44033,-258.977,452,430
AKAZE,BRIEF,MAT_BF,60,-15.3309,-391.411,416,233
AKAZE,BRIEF,MAT_BF,60,17.6,-20.6307,10,251
AKAZE,BRIEF,MAT_BF,61,-2.84445,-19.7603,14,243
AKAZE,BRIEF,MAT_BF,61,-14.4002,-19.7603,14,486
AKAZE,BRIEF,MAT_BF,62,-3.20559,-18.7552,13,248
AKAZE,BRIEF,MAT_BF,62,2.31257,-290.661,440,231
AKAZE,BRIEF,MAT_BF,63,-2.56759,-19.2673,16,260
AKAZE,BRIEF,MAT_BF,63,-38.2997,-19.2673,16,520
AKAZE,BRIEF,MAT_BF,68,-110.52,-478.381,434,231
AKAZE,BRIEF,MAT_BF,69,-2.67035,-45.1997,14,255
AKAZE,BRIEF,MAT_BF,71,29.3993,-859.453,442,251
AKAZE,BRIEF,MAT_BF,72,88.1064,1260.01,443,254
AKAZE,BRIEF,MAT_BF,73,-220.366,-1917.32,422,243
AKAZE,ORB,MAT_BF,11,10.4914,12.2031,300,106
AKAZE,ORB,MAT_BF,22,6.80636,7.87244,422,130
AKAZE,ORB,MAT_BF,23,8.43069,8.90685,487,132
AKAZE,ORB,MAT_BF,25,7.14768,9.42098,446,129
AKAZE,ORB,MAT_BF,26,9.97707,10.8069,433,142
AKAZE,ORB,MAT_BF,28,nan,9.29159,506,149
AKAZE,ORB,MAT_BF,30,7.52726,9.93169,476,131
AKAZE,ORB,MAT_BF,33,9.22618,11.167,544,147
AKAZE,ORB,MAT_BF,35,6.59279,8.80416,582,135
AKAZE,ORB,MAT_BF,36,10.6294,7.58082,455,130
AKAZE,ORB,MAT_BF,38,4.99238,9.43078,575,174
AKAZE,ORB,MAT_BF,39,5.47658,9.75358,603,183
AKAZE,ORB,MAT_BF,40,5.20724,8.69139,634,184
AKAZE,ORB,MAT_BF,45,5.60845,8.58677,564,181
AKAZE,ORB,MAT_BF,47,6.95384,10.3144,500,186
AKAZE,ORB,MAT_BF,48,nan,11.6111,529,168
AKAZE,ORB,MAT_BF,49,-149.754,15.3061,468,190
AKAZE,ORB,MAT_BF,52,24.656,48.2726,396,204
AKAZE,ORB,MAT_BF,53,29.486,111.38,411,213
AKAZE,ORB,MAT_BF,53,2.32789,111.38,411,426
AKAZE,ORB,MAT_BF,54,nan,-10.4786,5,205
AKAZE,ORB,MAT_BF,55,-2.41361,-12.4335,10,215
AKAZE,ORB,MAT_BF,55,nan,-85.1193,419,191
AKAZE,ORB,MAT_BF,56,-2.79273,-15.0217,11,232
AKAZE,ORB,MAT_BF,56,2.31361,1953.81,440,207
AKAZE,ORB,MAT_BF,57,-23.3578,-451.94,448,209
AKAZE,ORB,MAT_BF,58,-2.87375,-19.1276,12,220
AKAZE,ORB,MAT_BF,59,13.8031,-323.933,452,207
AKAZE,ORB,MAT_BF,59,2.44033,-323.933,452,414
AKAZE,ORB,MAT_BF,60,-15.3309,-327.737,416,221
AKAZE,ORB,MAT_BF,60,2.85,-327.737,416,442
AKAZE,ORB,MAT_BF,61,-2.84445,-19.9824,14,230
AKAZE,ORB,MAT_BF,61,-14.4002,-19.9824,14,460
AKAZE,ORB,MAT_BF,62,-3.20559,-19.9809,13,231
AKAZE,ORB,MAT_BF,62,2.31257,-265.24,440,216
AKAZE,ORB,MAT_BF,63,-2.56759,-19.9909,16,243
AKAZE,ORB,MAT_BF,63,-38.2997,-19.9909,16,486
AKAZE,ORB,MAT_BF,68,-110.52,-509.615,434,222
AKAZE,ORB,MAT_BF,69,-2.67035,-44.4159,14,256
AKAZE,ORB,MAT_BF,71,29.3993,-1746.86,442,241
AKAZE,ORB,MAT_BF,72,88.1064,1724.64,443,248
AKAZE,ORB,MAT_BF,73,-220.366,-1889.89,422,244
AKAZE,FREAK,MAT_BF,22,6.80636,7.97853,422,134
AKAZE,FREAK,MAT_BF,25,7.14768,8.83457,446,122
AKAZE,FREAK,MAT_BF,26,9.97707,10.4635,433,142
AKAZE,FREAK,MAT_BF,28,12.6681,9.65681,506,137
AKAZE,FREAK,MAT_BF,30,7.52726,9.33738,476,139
AKAZE,FREAK,MAT_BF,33,9.22618,10.7646,544,150
AKAZE,FREAK,MAT_BF,34,7.60959,9.43737,591,133
AKAZE,FREAK,MAT_BF,35,6.59279,8.75381,582,138
AKAZE,FREAK,MAT_BF,36,10.6294,8.0306,455,132
AKAZE,FREAK,MAT_BF,38,4.99238,9.23408,575,192
AKAZE,FREAK,MAT_BF,39,5.47658,9.61811,603,184
AKAZE,FREAK,MAT_BF,40,5.20724,8.64496,634,194
AKAZE,FREAK,MAT_BF,47,6.95384,10.7831,500,189
AKAZE,FREAK,MAT_BF,48,nan,11.9502,529,183
AKAZE,FREAK,MAT_BF,49,-149.754,13.4618,468,202
AKAZE,FREAK,MAT_BF,52,24.656,39.3599,396,204
AKAZE,FREAK,MAT_BF,53,29.486,140.211,411,221
AKAZE,FREAK,MAT_BF,53,2.32789,140.211,411,442
AKAZE,FREAK,MAT_BF,54,nan,-10.6795,5,210
AKAZE,FREAK,MAT_BF,55,-2.41361,-12.1047,10,209
AKAZE,FREAK,MAT_BF,56,-2.79273,-15.0753,11,232
AKAZE,FREAK,MAT_BF,56,2.31361,-948.162,440,210
AKAZE,FREAK,MAT_BF,57,-23.3578,-769.557,448,216
AKAZE,FREAK,MAT_BF,58,-2.87375,-18.9383,12,218
AKAZE,FREAK,MAT_BF,59,13.8031,-284.322,452,209
AKAZE,FREAK,MAT_BF,59,2.44033,-284.322,452,418
AKAZE,FREAK,MAT_BF,60,-15.3309,-470.875,416,216
AKAZE,FREAK,MAT_BF,60,2.85,-470.875,416,432
AKAZE,FREAK,MAT_BF,61,-2.84445,-21.5327,14,239
AKAZE,FREAK,MAT_BF,61,-14.4002,-21.5327,14,478
AKAZE,FREAK,MAT_BF,62,-3.20559,-18.1706,13,232
AKAZE,FREAK,MAT_BF,62,2.31257,-383.807,440,218
AKAZE,FREAK,MAT_BF,63,-2.56759,-20.576,16,259
AKAZE,FREAK,MAT_BF,63,-38.2997,-20.576,16,518
AKAZE,FREAK,MAT_BF,68,-110.52,-576.178,434,222
AKAZE,FREAK,MAT_BF,69,-2.67035,-46.1564,14,253
AKAZE,FREAK,MAT_BF,71,29.3993,-1363.37,442,237
AKAZE,FREAK,MAT_BF,72,88.1064,2136.05,443,249
AKAZE,FREAK,MAT_BF,73,-220.366,-2034.09,422,242
AKAZE,AKAZE,MAT_BF,3,16.963,12.8637,321,117
AKAZE,AKAZE,MAT_BF,22,6.80636,8.15812,422,137
AKAZE,AKAZE,MAT_BF,23,8.43069,9.00611,487,138
AKAZE,AKAZE,MAT_BF,25,7.14768,8.98511,446,141
AKAZE,AKAZE,MAT_BF,26,9.97707,10.7064,433,161
AKAZE,AKAZE,MAT_BF,28,12.6681,9.95914,506,156
AKAZE,AKAZE,MAT_BF,30,7.52726,9.58465,476,148
AKAZE,AKAZE,MAT_BF,35,6.59279,8.61019,582,142
AKAZE,AKAZE,MAT_BF,36,10.6294,7.50483,455,142
AKAZE,AKAZE,MAT_BF,38,4.99238,9.83075,575,191
AKAZE,AKAZE,MAT_BF,39,5.47658,10.3032,603,199
AKAZE,AKAZE,MAT_BF,40,5.20724,8.32707,634,207
AKAZE,AKAZE,MAT_BF,47,6.95384,10.1969,500,202
AKAZE,AKAZE,MAT_BF,48,nan,11.7105,529,178
AKAZE,AKAZE,MAT_BF,52,24.656,40.0534,396,209
AKAZE,AKAZE,MAT_BF,53,29.486,130.916,411,214
AKAZE,AKAZE,MAT_BF,53,2.32789,130.916,411,428
AKAZE,AKAZE,MAT_BF,54,nan,-9.94933,5,223
AKAZE,AKAZE,MAT_BF,55,-2.41361,-11.3251,10,232
AKAZE,AKAZE,MAT_BF,55,nan,-73.6934,419,211
AKAZE,AKAZE,MAT_BF,56,-2.79273,-14.0682,11,252
AKAZE,AKAZE,MAT_BF,56,2.31361,63011.8,440,212
AKAZE,AKAZE,MAT_BF,57,-23.3578,-553.812,448,223
AKAZE,AKAZE,MAT_BF,58,-2.87375,-18.5251,12,248
AKAZE,AKAZE,MAT_BF,59,13.8031,-382.322,452,224
AKAZE,AKAZE,MAT_BF,59,2.44033,-382.322,452,448
AKAZE,AKAZE,MAT_BF,60,-15.3309,-343.168,416,228
AKAZE,AKAZE,MAT_BF,60,2.85,-343.168,416,456
AKAZE,AKAZE,MAT_BF,61,-2.84445,-18.8355,14,253
AKAZE,AKAZE,MAT_BF,61,-14.4002,-18.8355,14,506
AKAZE,AKAZE,MAT_BF,62,-3.20559,-18.3342,13,251
AKAZE,AKAZE,MAT_BF,62,2.31257,-288.222,440,226
AKAZE,AKAZE,MAT_BF,63,-2.56759,-18.2553,16,270
AKAZE,AKAZE,MAT_BF,63,-38.2997,-18.2553,16,540
AKAZE,AKAZE,MAT_BF,68,-110.52,-555.473,434,232
AKAZE,AKAZE,MAT_BF,69,-2.67035,-43.7144,14,271
AKAZE,AKAZE,MAT_BF,71,29.3993,-1203.33,442,247
AKAZE,AKAZE,MAT_BF,72,88.1064,2056.45,443,255
AKAZE,AKAZE,MAT_BF,73,-220.366,-2241.14,422,245
AKAZE,SIFT,MAT_FLANN,22,6.80636,7.8617,422,136
AKAZE,SIFT,MAT_FLANN,23,8.43069,8.85379,487,146
AKAZE,SIFT,MAT_FLANN,25,7.14768,9.58893,446,143
AKAZE,SIFT,MAT_FLANN,26,9.97707,10.5419,433,155
AKAZE,SIFT,MAT_FLANN,28,12.6681,9.54776,506,157
AKAZE,SIFT,MAT_FLANN,30,7.52726,10.0244,476,155
AKAZE,SIFT,MAT_FLANN,33,9.22618,10.7096,544,168
AKAZE,SIFT,MAT_FLANN,35,6.59279,8.4628,582,153
AKAZE,SIFT,MAT_FLANN,36,10.6294,7.60183,455,149
AKAZE,SIFT,MAT_FLANN,38,4.99238,10.4156,575,202
AKAZE,SIFT,MAT_FLANN,39,5.47658,10.3797,603,206
AKAZE,SIFT,MAT_FLANN,40,5.20724,8.89881,634,205
AKAZE,SIFT,MAT_FLANN,45,5.60845,8.57413,564,194
AKAZE,SIFT,MAT_FLANN,47,6.95384,10.0988,500,203
AKAZE,SIFT,MAT_FLANN,48,nan,11.8383,529,188
AKAZE,SIFT,MAT_FLANN,49,-149.754,14.3465,468,211
AKAZE,SIFT,MAT_FLANN,52,24.656,42.0577,396,220
AKAZE,SIFT,MAT_FLANN,53,29.486,133.692,411,218
AKAZE,SIFT,MAT_FLANN,53,2.32789,133.692,411,436
AKAZE,SIFT,MAT_FLANN,54,nan,-9.94057,5,239
AKAZE,SIFT,MAT_FLANN,55,-2.41361,-11.2877,10,239
AKAZE,SIFT,MAT_FLANN,55,nan,-71.6884,419,220
AKAZE,SIFT,MAT_FLANN,56,-2.79273,-14.4324,11,255
AKAZE,SIFT,MAT_FLANN,56,2.31361,-2009.22,440,217
AKAZE,SIFT,MAT_FLANN,57,-23.3578,-563.801,448,225
AKAZE,SIFT,MAT_FLANN,58,-2.87375,-17.4182,12,254
AKAZE,SIFT,MAT_FLANN,59,13.8031,-307.428,452,225
AKAZE,SIFT,MAT_FLANN,59,2.44033,-307.428,452,450
AKAZE,SIFT,MAT_FLANN,60,-15.3309,-359.203,416,232
AKAZE,SIFT,MAT_FLANN,60,2.85,-359.203,416,464
AKAZE,SIFT,MAT_FLANN,61,-2.84445,-19.7526,14,259
AKAZE,SIFT,MAT_FLANN,61,-14.4002,-19.7526,14,518
AKAZE,SIFT,MAT_FLANN,62,-3.20559,-18.9069,13,262
AKAZE,SIFT,MAT_FLANN,62,2.31257,-340.677,440,228
AKAZE,SIFT,MAT_FLANN,63,-2.56759,-18.5512,16,273
AKAZE,SIFT,MAT_FLANN,63,-38.2997,-18.5512,16,546
AKAZE,SIFT,MAT_FLANN,68,-110.52,-495.151,434,231
AKAZE,SIFT,MAT_FLANN,69,-2.67035,-42.7052,14,277
AKAZE,SIFT,MAT_FLANN,71,29.3993,-1371.04,442,246
AKAZE,SIFT,MAT_FLANN,72,88.1064,1676.55,443,252
AKAZE,SIFT,MAT_FLANN,73,-220.366,-1810.9,422,248
SIFT,BRISK,MAT_BF,23,8.43069,9.17095,487,74
SIFT,BRISK,MAT_BF,25,7.14768,9.82329,446,81
SIFT,BRISK,MAT_BF,26,9.97707,9.82827,433,91
SIFT,BRISK,MAT_BF,27,7.06,9.09592,491,97
SIFT,BRISK,MAT_BF,28,12.6681,10.2888,506,90
SIFT,BRISK,MAT_BF,29,7.25063,10.4982,441,80
SIFT,BRISK,MAT_BF,30,7.52726,11.8133,476,90
SIFT,BRISK,MAT_BF,34,7.60959,9.2144,591,93
SIFT,BRISK,MAT_BF,35,6.59279,8.85681,582,88
SIFT,BRISK,MAT_BF,36,10.6294,7.64882,455,113
SIFT,BRISK,MAT_BF,38,4.99238,7.70263,575,128
SIFT,BRISK,MAT_BF,39,5.47658,7.83421,603,127
SIFT,BRISK,MAT_BF,40,5.20724,7.52968,634,123
SIFT,BRISK,MAT_BF,41,5.16145,7.32965,579,105
SIFT,BRISK,MAT_BF,45,5.60845,7.72981,564,121
SIFT,BRISK,MAT_BF,47,6.95384,8.97435,500,121
SIFT,BRISK,MAT_BF,48,nan,10.3431,529,111
SIFT,BRISK,MAT_BF,49,-149.754,11.822,468,140
SIFT,BRISK,MAT_BF,52,24.656,33.8482,396,113
SIFT,BRISK,MAT_BF,53,29.486,84.5664,411,143
SIFT,BRISK,MAT_BF,53,2.32789,84.5664,411,286
SIFT,BRISK,MAT_BF,54,nan,-5.16277,5,239
SIFT,BRISK,MAT_BF,55,-2.41361,-5.76859,10,238
SIFT,BRISK,MAT_BF,55,nan,-85.7678,419,141
SIFT,BRISK,MAT_BF,56,-2.79273,-7.37133,11,266
SIFT,BRISK,MAT_BF,56,2.31361,212.065,440,133
SIFT,BRISK,MAT_BF,57,-23.3578,2323.13,448,118
SIFT,BRISK,MAT_BF,58,-2.87375,-9.52805,12,255
SIFT,BRISK,MAT_BF,59,13.8031,-270.711,452,127
SIFT,BRISK,MAT_BF,59,2.44033,-270.711,452,254
SIFT,BRISK,MAT_BF,60,-15.3309,-554.908,416,144
SIFT,BRISK,MAT_BF,60,2.85,-554.908,416,288
SIFT,BRISK,MAT_BF,61,-2.84445,-11.2192,14,272
SIFT,BRISK,MAT_BF,61,-14.4002,-11.2192,14,544
SIFT,BRISK,MAT_BF,62,-3.20559,-10.3969,13,254
SIFT,BRISK,MAT_BF,62,2.31257,974.862,440,130
SIFT,BRISK,MAT_BF,63,-2.56759,-10.7461,16,278
SIFT,BRISK,MAT_BF,63,-38.2997,-10.7461,16,556
SIFT,BRISK,MAT_BF,65,2.62604,-429.389,444,133
SIFT,BRISK,MAT_BF,68,-110.52,809.719,434,129
SIFT,BRISK,MAT_BF,70,22.125,-403.354,426,140
SIFT,BRISK,MAT_BF,70,2.63393,-403.354,426,280
SIFT,BRISK,MAT_BF,71,29.3993,-2412.54,442,148
SIFT,BRISK,MAT_BF,72,88.1064,836.46,443,150
SIFT,BRIEF,MAT_BF,22,6.80636,10.1072,422,95
SIFT,BRIEF,MAT_BF,23,8.43069,10.264,487,91
SIFT,BRIEF,MAT_BF,25,7.14768,10.4673,446,78
SIFT,BRIEF,MAT_BF,26,9.97707,8.93658,433,101
SIFT,BRIEF,MAT_BF,28,12.6681,9.64632,506,104
SIFT,BRIEF,MAT_BF,30,7.52726,11.6309,476,94
SIFT,BRIEF,MAT_BF,34,7.60959,10.1662,591,106
SIFT,BRIEF,MAT_BF,35,6.59279,9.35211,582,102
SIFT,BRIEF,MAT_BF,36,10.6294,7.89952,455,115
SIFT,BRIEF,MAT_BF,39,5.47658,7.67936,603,143
SIFT,BRIEF,MAT_BF,42,5.9427,6.82383,574,126
SIFT,BRIEF,MAT_BF,45,5.60845,7.93818,564,132
SIFT,BRIEF,MAT_BF,47,6.95384,8.79945,500,132
SIFT,BRIEF,MAT_BF,48,nan,11.6945,529,128
SIFT,BRIEF,MAT_BF,52,24.656,35.1421,396,126
SIFT,BRIEF,MAT_BF,54,nan,-5.83368,5,257
SIFT,BRIEF,MAT_BF,55,-2.41361,-6.14816,10,268
SIFT,BRIEF,MAT_BF,55,nan,-91.0609,419,145
SIFT,BRIEF,MAT_BF,56,-2.79273,-7.7151,11,283
SIFT,BRIEF,MAT_BF,56,2.31361,253.297,440,147
SIFT,BRIEF,MAT_BF,57,-23.3578,-6184.46,448,123
SIFT,BRIEF,MAT_BF,58,-2.87375,-10.6627,12,265
SIFT,BRIEF,MAT_BF,59,13.8031,-324.883,452,146
SIFT,BRIEF,MAT_BF,59,2.44033,-324.883,452,292
SIFT,BRIEF,MAT_BF,60,-15.3309,-602.011,416,152
SIFT,BRIEF,MAT_BF,60,2.85,-602.011,416,304
SIFT,BRIEF,MAT_BF,61,-2.84445,-11.4203,14,286
SIFT,BRIEF,MAT_BF,61,-14.4002,-11.4203,14,572
SIFT,BRIEF,MAT_BF,62,-3.20559,-10.8927,13,260
SIFT,BRIEF,MAT_BF,62,2.31257,584.575,440,143
SIFT,BRIEF,MAT_BF,63,-2.56759,-10.9409,16,285
SIFT,BRIEF,MAT_BF,63,-38.2997,-10.9409,16,570
SIFT,BRIEF,MAT_BF,65,2.62604,-787.004,444,136
SIFT,BRIEF,MAT_BF,68,-110.52,4169.19,434,136
SIFT,BRIEF,MAT_BF,71,29.3993,-2829.24,442,153
SIFT,BRIEF,MAT_BF,72,88.1064,654.703,443,155
SIFT,BRIEF,MAT_BF,73,-220.366,-3240.52,422,141
SIFT,FREAK,MAT_BF,3,16.963,13.7147,321,75
SIFT,FREAK,MAT_BF,12,10.1,10.2203,300,61
SIFT,FREAK,MAT_BF,22,6.80636,8.79874,422,86
SIFT,FREAK,MAT_BF,23,8.43069,9.5294,487,70
SIFT,FREAK,MAT_BF,25,7.14768,9.93902,446,66
SIFT,FREAK,MAT_BF,26,9.97707,9.52836,433,91
SIFT,FREAK,MAT_BF,28,12.6681,12.0329,506,90
SIFT,FREAK,MAT_BF,30,7.52726,11.7143,476,87
SIFT,FREAK,MAT_BF,34,7.60959,9.69783,591,88
SIFT,FREAK,MAT_BF,35,6.59279,9.18016,582,84
SIFT,FREAK,MAT_BF,36,10.6294,8.18598,455,107
SIFT,FREAK,MAT_BF,38,4.99238,8.08223,575,121
SIFT,FREAK,MAT_BF,39,5.47658,7.2834,603,114
SIFT,FREAK,MAT_BF,41,5.16145,7.18523,579,101
SIFT,FREAK,MAT_BF,45,5.60845,7.91802,564,119
SIFT,FREAK,MAT_BF,47,6.95384,9.20615,500,111
SIFT,FREAK,MAT_BF,48,nan,10.9342,529,108
SIFT,FREAK,MAT_BF,52,24.656,34.8118,396,108
SIFT,FREAK,MAT_BF,53,29.486,77.3687,411,138
SIFT,FREAK,MAT_BF,53,2.32789,77.3687,411,276
SIFT,FREAK,MAT_BF,54,nan,-5.41629,5,213
SIFT,FREAK,MAT_BF,55,-2.41361,-5.92779,10,219
SIFT,FREAK,MAT_BF,55,nan,-80.1264,419,130
SIFT,FREAK,MAT_BF,56,-2.79273,-7.34587,11,247
SIFT,FREAK,MAT_BF,56,2.31361,742.527,440,134
SIFT,FREAK,MAT_BF,57,-23.3578,1223.64,448,116
SIFT,FREAK,MAT_BF,58,-2.87375,-9.89423,12,221
SIFT,FREAK,MAT_BF,59,13.8031,-248.435,452,124
SIFT,FREAK,MAT_BF,59,2.44033,-248.435,452,248
SIFT,FREAK,MAT_BF,60,-15.3309,-359.839,416,142
SIFT,FREAK,MAT_BF,60,2.85,-359.839,416,284
SIFT,FREAK,MAT_BF,61,-2.84445,-11.2151,14,233
SIFT,FREAK,MAT_BF,61,-14.4002,-11.2151,14,466
SIFT,FREAK,MAT_BF,62,-3.20559,-10.7074,13,236
SIFT,FREAK,MAT_BF,62,2.31257,1435.07,440,126
SIFT,FREAK,MAT_BF,63,-2.56759,-10.6533,16,249
SIFT,FREAK,MAT_BF,63,-38.2997,-10.6533,16,498
SIFT,FREAK,MAT_BF,65,2.62604,-411.588,444,129
SIFT,FREAK,MAT_BF,68,-110.52,1217.54,434,124
SIFT,FREAK,MAT_BF,69,-2.67035,-23.9743,14,276
SIFT,FREAK,MAT_BF,70,22.125,-364.845,426,136
SIFT,FREAK,MAT_BF,71,29.3993,6853.99,442,141
SIFT,FREAK,MAT_BF,72,88.1064,673.133,443,146
SIFT,FREAK,MAT_BF,73,-220.366,-2615.84,422,139
SIFT,SIFT,MAT_FLANN,3,16.963,13.2998,321,97
SIFT,SIFT,MAT_FLANN,25,7.14768,10.9322,446,119
SIFT,SIFT,MAT_FLANN,27,7.06,10.4723,491,133
SIFT,SIFT,MAT_FLANN,30,7.52726,9.82528,476,127
SIFT,SIFT,MAT_FLANN,32,10.9404,12.0517,573,137
SIFT,SIFT,MAT_FLANN,34,7.60959,10.4509,591,140
SIFT,SIFT,MAT_FLANN,35,6.59279,8.49665,582,138
SIFT,SIFT,MAT_FLANN,36,10.6294,8.24822,455,149
SIFT,SIFT,MAT_FLANN,38,4.99238,9.16194,575,162
SIFT,SIFT,MAT_FLANN,39,5.47658,8.6526,603,173
SIFT,SIFT,MAT_FLANN,45,5.60845,8.32855,564,169
SIFT,SIFT,MAT_FLANN,47,6.95384,8.93193,500,170
SIFT,SIFT,MAT_FLANN,48,nan,9.82327,529,168
SIFT,SIFT,MAT_FLANN,52,24.656,31.4523,396,195
SIFT,SIFT,MAT_FLANN,54,nan,-4.89481,5,321
SIFT,SIFT,MAT_FLANN,55,-2.41361,-5.77808,10,341
SIFT,SIFT,MAT_FLANN,55,nan,-80.7997,419,199
SIFT,SIFT,MAT_FLANN,56,-2.79273,-7.09025,11,358
SIFT,SIFT,MAT_FLANN,56,2.31361,332.887,440,191
SIFT,SIFT,MAT_FLANN,57,-23.3578,-1260.18,448,198
SIFT,SIFT,MAT_FLANN,58,-2.87375,-9.2017,12,386
SIFT,SIFT,MAT_FLANN,59,13.8031,-290.39,452,193
SIFT,SIFT,MAT_FLANN,59,2.44033,-290.39,452,386
SIFT,SIFT,MAT_FLANN,60,-15.3309,-643.836,416,195
SIFT,SIFT,MAT_FLANN,60,2.85,-643.836,416,390
SIFT,SIFT,MAT_FLANN,61,-2.84445,-10.918,14,379
SIFT,SIFT,MAT_FLANN,61,-14.4002,-10.918,14,758
SIFT,SIFT,MAT_FLANN,62,-3.20559,-10.234,13,392
SIFT,SIFT,MAT_FLANN,62,2.31257,-923.514,440,188
SIFT,SIFT,MAT_FLANN,63,-2.56759,-10.467,16,423
SIFT,SIFT,MAT_FLANN,63,-38.2997,-10.467,16,846
SIFT,SIFT,MAT_FLANN,65,2.62604,-1016.7,444,202
SIFT,SIFT,MAT_FLANN,68,-110.52,5497.8,434,208
SIFT,SIFT,MAT_FLANN,71,29.3993,-693.866,442,219
SIFT,SIFT,MAT_FLANN,72,88.1064,793.353,443,214
SIFT,SIFT,MAT_FLANN,73,-220.366,-1355.21,422,214
